Watching for file changes with StatReloader
Waiting for apps ready_event.
Apps ready_event triggered. Sending autoreload_started signal.
Watching dir D:\Python\Python\auto_auction\.venv\Lib\site-packages\rest_framework\templates with glob **/*.
Watching dir D:\Python\Python\auto_auction\locale with glob **/*.mo.
Watching dir D:\Python\Python\auto_auction\.venv\Lib\site-packages\rest_framework\locale with glob **/*.mo.
Watching dir D:\Python\Python\auto_auction\auto_auction\locale with glob **/*.mo.
(0.016) 
            SELECT
                c.relname,
                CASE
                    WHEN c.relispartition THEN 'p'
                    WHEN c.relkind IN ('m', 'v') THEN 'v'
                    ELSE 't'
                END,
                obj_description(c.oid, 'pg_class')
            FROM pg_catalog.pg_class c
            LEFT JOIN pg_catalog.pg_namespace n ON n.oid = c.relnamespace
            WHERE c.relkind IN ('f', 'm', 'p', 'r', 'v')
                AND n.nspname NOT IN ('pg_catalog', 'pg_toast')
                AND pg_catalog.pg_table_is_visible(c.oid)
        ; args=None; alias=default
(0.000) SELECT "django_migrations"."id", "django_migrations"."app", "django_migrations"."name", "django_migrations"."applied" FROM "django_migrations"; args=(); alias=default
File C:\Users\user\AppData\Local\Programs\Python\Python312\Lib\email\message.py first seen with mtime 1722960150.0
File D:\Python\Python\auto_auction\.venv\Lib\site-packages\django\utils\encoding.py first seen with mtime 1735923056.8494086
File D:\Python\Python\auto_auction\auto_auction\admin.py first seen with mtime 1736507223.9715302
File C:\Users\user\AppData\Local\Programs\Python\Python312\Lib\http\server.py first seen with mtime 1722960150.0
File D:\Python\Python\auto_auction\.venv\Lib\site-packages\django\dispatch\__init__.py first seen with mtime 1735923056.8175843
File D:\Python\Python\auto_auction\.venv\Lib\site-packages\urllib3\contrib\__init__.py first seen with mtime 1735920684.4038143
File D:\Python\Python\auto_auction\.venv\Lib\site-packages\rest_framework\utils\urls.py first seen with mtime 1736398257.4687626
File D:\Python\Python\auto_auction\.venv\Lib\site-packages\django\utils\http.py first seen with mtime 1735923056.8494086
File D:\Python\Python\auto_auction\.venv\Lib\site-packages\django\db\models\fields\proxy.py first seen with mtime 1735923056.8175843
File D:\Python\Python\auto_auction\.venv\Lib\site-packages\urllib3\_base_connection.py first seen with mtime 1735920684.383857
File C:\Users\user\AppData\Local\Programs\Python\Python312\Lib\encodings\utf_8.py first seen with mtime 1722960150.0
File D:\Python\Python\auto_auction\.venv\Lib\site-packages\charset_normalizer\md.cp312-win_amd64.pyd first seen with mtime 1735920684.7096403
File D:\Python\Python\auto_auction\.venv\Lib\site-packages\django\utils\text.py first seen with mtime 1735923056.8494086
File D:\Python\Python\auto_auction\.venv\Lib\site-packages\sqlparse\engine\filter_stack.py first seen with mtime 1735923056.004196
File D:\Python\Python\auto_auction\.venv\Lib\site-packages\django\db\backends\utils.py first seen with mtime 1735923056.796448
File D:\Python\Python\auto_auction\.venv\Lib\site-packages\django\db\models\fields\related_descriptors.py first seen with mtime 1735923056.8175843
File D:\Python\Python\auto_auction\.venv\Lib\site-packages\django\utils\decorators.py first seen with mtime 1735923056.8494086
File C:\Users\user\AppData\Local\Programs\Python\Python312\Lib\socket.py first seen with mtime 1722960152.0
File D:\Python\Python\auto_auction\.venv\Lib\site-packages\django\views\defaults.py first seen with mtime 1735923056.8577273
File D:\Python\Python\auto_auction\.venv\Lib\site-packages\urllib3\util\url.py first seen with mtime 1735920684.4119742
File C:\Users\user\AppData\Local\Programs\Python\Python312\Lib\datetime.py first seen with mtime 1722960150.0
File D:\Python\Python\auto_auction\.venv\Lib\site-packages\rest_framework\mixins.py first seen with mtime 1736398257.4104695
File C:\Users\user\AppData\Local\Programs\Python\Python312\Lib\email\_encoded_words.py first seen with mtime 1722960150.0
File D:\Python\Python\auto_auction\.venv\Lib\site-packages\django\utils\asyncio.py first seen with mtime 1735923056.8494086
File D:\Python\Python\auto_auction\.venv\Lib\site-packages\django\template\backends\django.py first seen with mtime 1735923056.8388982
File D:\Python\Python\auto_auction\.venv\Lib\site-packages\psycopg2\sql.py first seen with mtime 1735929203.467716
File D:\Python\Python\auto_auction\.venv\Lib\site-packages\django\core\management\commands\runserver.py first seen with mtime 1735923056.7941298
File C:\Users\user\AppData\Local\Programs\Python\Python312\Lib\html\parser.py first seen with mtime 1722960150.0
File D:\Python\Python\auto_auction\.venv\Lib\site-packages\django\views\generic\list.py first seen with mtime 1735923056.8600478
File C:\Users\user\AppData\Local\Programs\Python\Python312\Lib\concurrent\futures\thread.py first seen with mtime 1722960150.0
File D:\Python\Python\auto_auction\.venv\Lib\site-packages\django\forms\renderers.py first seen with mtime 1735923056.8258882
File D:\Python\Python\auto_auction\.venv\Lib\site-packages\django\contrib\admin\exceptions.py first seen with mtime 1735923056.1716864
File D:\Python\Python\auto_auction\.venv\Lib\site-packages\sqlparse\utils.py first seen with mtime 1735923056.004196
File D:\Python\Python\auto_auction\.venv\Lib\site-packages\urllib3\__init__.py first seen with mtime 1735920684.383857
File D:\Python\Python\auto_auction\.venv\Lib\site-packages\django\db\backends\postgresql\schema.py first seen with mtime 1735923056.8069372
File C:\Users\user\AppData\Local\Programs\Python\Python312\Lib\_compat_pickle.py first seen with mtime 1722960150.0
File D:\Python\Python\auto_auction\.venv\Lib\site-packages\django\http\multipartparser.py first seen with mtime 1735923056.8388982
File D:\Python\Python\auto_auction\.venv\Lib\site-packages\django\urls\resolvers.py first seen with mtime 1735923056.8494086
File D:\Python\Python\auto_auction\.venv\Lib\site-packages\django\utils\termcolors.py first seen with mtime 1735923056.8494086
File C:\Users\user\AppData\Local\Programs\Python\Python312\Lib\logging\handlers.py first seen with mtime 1722960152.0
File C:\Users\user\AppData\Local\Programs\Python\Python312\Lib\unittest\signals.py first seen with mtime 1722960152.0
File D:\Python\Python\auto_auction\.venv\Lib\site-packages\django\db\models\functions\datetime.py first seen with mtime 1735923056.8175843
File C:\Users\user\AppData\Local\Programs\Python\Python312\Lib\xml\__init__.py first seen with mtime 1722960152.0
File C:\Users\user\AppData\Local\Programs\Python\Python312\Lib\selectors.py first seen with mtime 1722960152.0
File D:\Python\Python\auto_auction\.venv\Lib\site-packages\django\forms\forms.py first seen with mtime 1735923056.8258882
File C:\Users\user\AppData\Local\Programs\Python\Python312\Lib\weakref.py first seen with mtime 1722960152.0
File D:\Python\Python\auto_auction\.venv\Lib\site-packages\django\db\migrations\migration.py first seen with mtime 1735923056.8069372
File C:\Users\user\AppData\Local\Programs\Python\Python312\Lib\difflib.py first seen with mtime 1722960150.0
File D:\Python\Python\auto_auction\.venv\Lib\site-packages\urllib3\util\__init__.py first seen with mtime 1735920684.4038143
File C:\Users\user\AppData\Local\Programs\Python\Python312\DLLs\_bz2.pyd first seen with mtime 1722960196.0
File C:\Users\user\AppData\Local\Programs\Python\Python312\Lib\asyncio\protocols.py first seen with mtime 1722960150.0
File C:\Users\user\AppData\Local\Programs\Python\Python312\Lib\email\_parseaddr.py first seen with mtime 1722960150.0
File D:\Python\Python\auto_auction\.venv\Lib\site-packages\charset_normalizer\constant.py first seen with mtime 1735920684.7096403
File C:\Users\user\AppData\Local\Programs\Python\Python312\Lib\importlib\metadata\_text.py first seen with mtime 1722960152.0
File C:\Users\user\AppData\Local\Programs\Python\Python312\Lib\unittest\loader.py first seen with mtime 1722960152.0
File D:\Python\Python\auto_auction\.venv\Lib\site-packages\django\db\models\utils.py first seen with mtime 1735923056.8175843
File C:\Users\user\AppData\Local\Programs\Python\Python312\Lib\asyncio\base_subprocess.py first seen with mtime 1722960150.0
File C:\Users\user\AppData\Local\Programs\Python\Python312\Lib\email\contentmanager.py first seen with mtime 1722960150.0
File D:\Python\Python\auto_auction\.venv\Lib\site-packages\django\http\request.py first seen with mtime 1735923056.8388982
File C:\Users\user\AppData\Local\Programs\Python\Python312\DLLs\_lzma.pyd first seen with mtime 1722960196.0
File D:\Python\Python\auto_auction\.venv\Lib\site-packages\rest_framework\utils\mediatypes.py first seen with mtime 1736398257.4687626
File D:\Python\Python\auto_auction\.venv\Lib\site-packages\django\templatetags\i18n.py first seen with mtime 1735923056.8470917
File D:\Python\Python\auto_auction\.venv\Lib\site-packages\django\db\backends\postgresql\client.py first seen with mtime 1735923056.8069372
File D:\Python\Python\auto_auction\.venv\Lib\site-packages\asgiref\sync.py first seen with mtime 1735923056.0546982
File C:\Users\user\AppData\Local\Programs\Python\Python312\DLLs\_zoneinfo.pyd first seen with mtime 1722960196.0
File D:\Python\Python\auto_auction\.venv\Lib\site-packages\urllib3\http2\__init__.py first seen with mtime 1735920684.4038143
File C:\Users\user\AppData\Local\Programs\Python\Python312\Lib\lzma.py first seen with mtime 1722960152.0
File C:\Users\user\AppData\Local\Programs\Python\Python312\Lib\http\client.py first seen with mtime 1722960150.0
File D:\Python\Python\auto_auction\.venv\Lib\site-packages\django\views\decorators\csrf.py first seen with mtime 1735923056.8600478
File C:\Users\user\AppData\Local\Programs\Python\Python312\Lib\email\generator.py first seen with mtime 1722960150.0
File D:\Python\Python\auto_auction\.venv\Lib\site-packages\django\contrib\admin\templatetags\log.py first seen with mtime 1735923056.3110666
File C:\Users\user\AppData\Local\Programs\Python\Python312\Lib\traceback.py first seen with mtime 1722960152.0
File C:\Users\user\AppData\Local\Programs\Python\Python312\Lib\urllib\request.py first seen with mtime 1722960152.0
File C:\Users\user\AppData\Local\Programs\Python\Python312\Lib\xml\dom\minidom.py first seen with mtime 1722960152.0
File C:\Users\user\AppData\Local\Programs\Python\Python312\Lib\importlib\metadata\__init__.py first seen with mtime 1722960152.0
File D:\Python\Python\auto_auction\.venv\Lib\site-packages\django\dispatch\dispatcher.py first seen with mtime 1735923056.8175843
File C:\Users\user\AppData\Local\Programs\Python\Python312\Lib\inspect.py first seen with mtime 1722960152.0
File D:\Python\Python\auto_auction\.venv\Lib\site-packages\idna\core.py first seen with mtime 1735920684.6370163
File C:\Users\user\AppData\Local\Programs\Python\Python312\Lib\opcode.py first seen with mtime 1722960152.0
File D:\Python\Python\auto_auction\.venv\Lib\site-packages\dotenv\__init__.py first seen with mtime 1735929953.9052575
File C:\Users\user\AppData\Local\Programs\Python\Python312\Lib\shutil.py first seen with mtime 1722960152.0
File D:\Python\Python\auto_auction\.venv\Lib\site-packages\django\views\generic\detail.py first seen with mtime 1735923056.8600478
File D:\Python\Python\auto_auction\.venv\Lib\site-packages\django\core\serializers\__init__.py first seen with mtime 1735923056.796448
File C:\Users\user\AppData\Local\Programs\Python\Python312\Lib\textwrap.py first seen with mtime 1722960152.0
File D:\Python\Python\auto_auction\.venv\Lib\site-packages\django\views\decorators\__init__.py first seen with mtime 1735923056.8600478
File D:\Python\Python\auto_auction\.venv\Lib\site-packages\django\contrib\auth\validators.py first seen with mtime 1735923056.374886
File C:\Users\user\AppData\Local\Programs\Python\Python312\Lib\threading.py first seen with mtime 1722960152.0
File D:\Python\Python\auto_auction\.venv\Lib\site-packages\django\db\backends\ddl_references.py first seen with mtime 1735923056.796448
File C:\Users\user\AppData\Local\Programs\Python\Python312\Lib\numbers.py first seen with mtime 1722960152.0
File D:\Python\Python\auto_auction\.venv\Lib\site-packages\idna\intranges.py first seen with mtime 1735920684.6452036
File D:\Python\Python\auto_auction\.venv\Lib\site-packages\django\db\models\fields\__init__.py first seen with mtime 1735923056.8175843
File D:\Python\Python\auto_auction\.venv\Lib\site-packages\rest_framework\utils\json.py first seen with mtime 1736398257.4687626
File D:\Python\Python\auto_auction\.venv\Lib\site-packages\rest_framework\schemas\utils.py first seen with mtime 1736398257.4530141
File C:\Users\user\AppData\Local\Programs\Python\Python312\Lib\email\base64mime.py first seen with mtime 1722960150.0
File C:\Users\user\AppData\Local\Programs\Python\Python312\Lib\urllib\__init__.py first seen with mtime 1722960152.0
File C:\Users\user\AppData\Local\Programs\Python\Python312\Lib\asyncio\base_tasks.py first seen with mtime 1722960150.0
File D:\Python\Python\auto_auction\.venv\Lib\site-packages\django\contrib\postgres\fields\ranges.py first seen with mtime 1735923056.6173246
File D:\Python\Python\auto_auction\.venv\Lib\site-packages\django\contrib\postgres\fields\hstore.py first seen with mtime 1735923056.6173246
File C:\Users\user\AppData\Local\Programs\Python\Python312\Lib\gettext.py first seen with mtime 1722960150.0
File D:\Python\Python\auto_auction\.venv\Lib\site-packages\django\test\html.py first seen with mtime 1735923056.8470917
File D:\Python\Python\auto_auction\.venv\Lib\site-packages\sqlparse\filters\output.py first seen with mtime 1735923056.004196
File D:\Python\Python\auto_auction\.venv\Lib\site-packages\django\template\context.py first seen with mtime 1735923056.8388982
File D:\Python\Python\auto_auction\.venv\Lib\site-packages\django\contrib\staticfiles\__init__.py first seen with mtime 1735923056.7753012
File D:\Python\Python\auto_auction\.venv\Lib\site-packages\asgiref\__init__.py first seen with mtime 1735923056.046345
File C:\Users\user\AppData\Local\Programs\Python\Python312\Lib\asyncio\threads.py first seen with mtime 1722960150.0
File D:\Python\Python\auto_auction\.venv\Lib\site-packages\django\db\migrations\operations\special.py first seen with mtime 1735923056.8069372
File D:\Python\Python\auto_auction\.venv\Lib\site-packages\sqlparse\filters\reindent.py first seen with mtime 1735923056.0198054
File D:\Python\Python\auto_auction\.venv\Lib\site-packages\django\contrib\auth\hashers.py first seen with mtime 1735923056.374886
File D:\Python\Python\auto_auction\.venv\Lib\site-packages\django\template\loaders\__init__.py first seen with mtime 1735923056.8388982
File C:\Users\user\AppData\Local\Programs\Python\Python312\Lib\encodings\cp1251.py first seen with mtime 1722960150.0
File C:\Users\user\AppData\Local\Programs\Python\Python312\DLLs\_decimal.pyd first seen with mtime 1722960196.0
File C:\Users\user\AppData\Local\Programs\Python\Python312\Lib\hmac.py first seen with mtime 1722960150.0
File D:\Python\Python\auto_auction\.venv\Lib\site-packages\django\contrib\postgres\forms\__init__.py first seen with mtime 1735923056.6173246
File D:\Python\Python\auto_auction\.venv\Lib\site-packages\django\core\files\storage\__init__.py first seen with mtime 1735923056.7858033
File C:\Users\user\AppData\Local\Programs\Python\Python312\Lib\signal.py first seen with mtime 1722960152.0
File D:\Python\Python\auto_auction\.venv\Lib\site-packages\django\utils\duration.py first seen with mtime 1735923056.8494086
File C:\Users\user\AppData\Local\Programs\Python\Python312\Lib\asyncio\__init__.py first seen with mtime 1722960150.0
File D:\Python\Python\auto_auction\.venv\Lib\site-packages\django\db\backends\__init__.py first seen with mtime 1735923056.796448
File C:\Users\user\AppData\Local\Programs\Python\Python312\Lib\concurrent\futures\__init__.py first seen with mtime 1722960150.0
File D:\Python\Python\auto_auction\.venv\Lib\site-packages\django\db\models\options.py first seen with mtime 1735923056.8175843
File D:\Python\Python\auto_auction\.venv\Lib\site-packages\django\db\models\query_utils.py first seen with mtime 1735923056.8175843
File D:\Python\Python\auto_auction\.venv\Lib\site-packages\django\core\cache\backends\locmem.py first seen with mtime 1735923056.783474
File D:\Python\Python\auto_auction\.venv\Lib\site-packages\rest_framework\utils\formatting.py first seen with mtime 1736398257.4687626
File D:\Python\Python\auto_auction\.venv\Lib\site-packages\django\template\loader_tags.py first seen with mtime 1735923056.8388982
File D:\Python\Python\auto_auction\.venv\Lib\site-packages\requests\__version__.py first seen with mtime 1735920684.7642784
File D:\Python\Python\auto_auction\.venv\Lib\site-packages\django\db\models\sql\datastructures.py first seen with mtime 1735923056.8175843
File D:\Python\Python\auto_auction\.venv\Lib\site-packages\django\template\engine.py first seen with mtime 1735923056.8388982
File D:\Python\Python\auto_auction\.venv\Lib\site-packages\django\utils\deconstruct.py first seen with mtime 1735923056.8494086
File D:\Python\Python\auto_auction\.venv\Lib\site-packages\requests\models.py first seen with mtime 1735920684.7642784
File D:\Python\Python\auto_auction\.venv\Lib\site-packages\rest_framework\checks.py first seen with mtime 1736398257.4104695
File D:\Python\Python\auto_auction\auto_auction\apps.py first seen with mtime 1736504020.6934638
File C:\Users\user\AppData\Local\Programs\Python\Python312\Lib\wsgiref\simple_server.py first seen with mtime 1722960152.0
File D:\Python\Python\auto_auction\.venv\Lib\site-packages\django\core\checks\files.py first seen with mtime 1735923056.783474
File D:\Python\Python\auto_auction\.venv\Lib\site-packages\django\db\migrations\operations\models.py first seen with mtime 1735923056.8069372
File D:\Python\Python\auto_auction\.venv\Lib\site-packages\django\template\loaders\cached.py first seen with mtime 1735923056.8388982
File C:\Users\user\AppData\Local\Programs\Python\Python312\Lib\getpass.py first seen with mtime 1722960150.0
File C:\Users\user\AppData\Local\Programs\Python\Python312\Lib\importlib\resources\_adapters.py first seen with mtime 1722960152.0
File C:\Users\user\AppData\Local\Programs\Python\Python312\Lib\pprint.py first seen with mtime 1722960152.0
File D:\Python\Python\auto_auction\.venv\Lib\site-packages\django\template\loaders\filesystem.py first seen with mtime 1735923056.8388982
File D:\Python\Python\auto_auction\.venv\Lib\site-packages\django\test\utils.py first seen with mtime 1735923056.8494086
File C:\Users\user\AppData\Local\Programs\Python\Python312\Lib\importlib\metadata\_adapters.py first seen with mtime 1722960152.0
File D:\Python\Python\auto_auction\.venv\Lib\site-packages\django\core\mail\__init__.py first seen with mtime 1735923056.7858033
File D:\Python\Python\auto_auction\.venv\Lib\site-packages\django\core\serializers\json.py first seen with mtime 1735923056.796448
File D:\Python\Python\auto_auction\.venv\Lib\site-packages\django\contrib\postgres\__init__.py first seen with mtime 1735923056.6173246
File C:\Users\user\AppData\Local\Programs\Python\Python312\Lib\asyncio\events.py first seen with mtime 1722960150.0
File D:\Python\Python\auto_auction\.venv\Lib\site-packages\charset_normalizer\__init__.py first seen with mtime 1735920684.7096403
File D:\Python\Python\auto_auction\.venv\Lib\site-packages\urllib3\http2\probe.py first seen with mtime 1735920684.4038143
File D:\Python\Python\auto_auction\.venv\Lib\site-packages\django\template\defaultfilters.py first seen with mtime 1735923056.8388982
File D:\Python\Python\auto_auction\.venv\Lib\site-packages\django\template\autoreload.py first seen with mtime 1735923056.8388982
File D:\Python\Python\auto_auction\.venv\Lib\site-packages\django\views\static.py first seen with mtime 1735923056.8577273
File C:\Users\user\AppData\Local\Programs\Python\Python312\Lib\types.py first seen with mtime 1722960152.0
File C:\Users\user\AppData\Local\Programs\Python\Python312\Lib\importlib\resources\_itertools.py first seen with mtime 1722960152.0
File C:\Users\user\AppData\Local\Programs\Python\Python312\Lib\uuid.py first seen with mtime 1722960152.0
File D:\Python\Python\auto_auction\.venv\Lib\site-packages\django\apps\registry.py first seen with mtime 1735923056.0891273
File D:\Python\Python\auto_auction\.venv\Lib\site-packages\django\core\cache\__init__.py first seen with mtime 1735923056.7753012
File D:\Python\Python\auto_auction\.venv\Lib\site-packages\django\db\backends\base\features.py first seen with mtime 1735923056.796448
File D:\Python\Python\auto_auction\.venv\Lib\site-packages\django\utils\translation\reloader.py first seen with mtime 1735923056.8577273
File C:\Users\user\AppData\Local\Programs\Python\Python312\Lib\unittest\suite.py first seen with mtime 1722960152.0
File D:\Python\Python\auto_auction\.venv\Lib\site-packages\rest_framework\utils\timezone.py first seen with mtime 1736398257.4687626
File D:\Python\Python\auto_auction\.venv\Lib\site-packages\rest_framework\views.py first seen with mtime 1736398257.4104695
File D:\Python\Python\auto_auction\.venv\Lib\site-packages\django\contrib\contenttypes\models.py first seen with mtime 1735923056.4277024
File D:\Python\Python\auto_auction\.venv\Lib\site-packages\django\core\management\__init__.py first seen with mtime 1735923056.7858033
File D:\Python\Python\auto_auction\.venv\Lib\site-packages\django\templatetags\static.py first seen with mtime 1735923056.8470917
File D:\Python\Python\auto_auction\.venv\Lib\site-packages\sqlparse\sql.py first seen with mtime 1735923056.004196
File D:\Python\Python\auto_auction\.venv\Lib\site-packages\asgiref\local.py first seen with mtime 1735923056.0544808
File D:\Python\Python\auto_auction\.venv\Lib\site-packages\sqlparse\engine\statement_splitter.py first seen with mtime 1735923056.004196
File C:\Users\user\AppData\Local\Programs\Python\Python312\Lib\asyncio\log.py first seen with mtime 1722960150.0
File D:\Python\Python\auto_auction\.venv\Lib\site-packages\django\db\models\lookups.py first seen with mtime 1735923056.815266
File D:\Python\Python\auto_auction\.venv\Lib\site-packages\django\templatetags\cache.py first seen with mtime 1735923056.8470354
File D:\Python\Python\auto_auction\.venv\Lib\site-packages\rest_framework\request.py first seen with mtime 1736398257.4104695
File D:\Python\Python\auto_auction\.venv\Lib\site-packages\django\utils\connection.py first seen with mtime 1735923056.8494086
File D:\Python\Python\auto_auction\.venv\Lib\site-packages\requests\compat.py first seen with mtime 1735920684.7642784
File D:\Python\Python\auto_auction\.venv\Lib\site-packages\django\contrib\admin\filters.py first seen with mtime 1735923056.1819043
File C:\Users\user\AppData\Local\Programs\Python\Python312\Lib\zoneinfo\_common.py first seen with mtime 1722960152.0
File C:\Users\user\AppData\Local\Programs\Python\Python312\Lib\asyncio\proactor_events.py first seen with mtime 1722960150.0
File D:\Python\Python\auto_auction\.venv\Lib\site-packages\django\core\checks\security\sessions.py first seen with mtime 1735923056.7858033
File D:\Python\Python\auto_auction\.venv\Lib\site-packages\django\utils\module_loading.py first seen with mtime 1735923056.8494086
File C:\Users\user\AppData\Local\Programs\Python\Python312\Lib\asyncio\windows_events.py first seen with mtime 1722960150.0
File C:\Users\user\AppData\Local\Programs\Python\Python312\DLLs\_asyncio.pyd first seen with mtime 1722960196.0
File D:\Python\Python\auto_auction\.venv\Lib\site-packages\sqlparse\cli.py first seen with mtime 1735923056.004196
File D:\Python\Python\auto_auction\.venv\Lib\site-packages\django\views\__init__.py first seen with mtime 1735923056.8577273
File C:\Users\user\AppData\Local\Programs\Python\Python312\Lib\email\quoprimime.py first seen with mtime 1722960150.0
File C:\Users\user\AppData\Local\Programs\Python\Python312\Lib\importlib\resources\_legacy.py first seen with mtime 1722960152.0
File D:\Python\Python\auto_auction\.venv\Lib\site-packages\django\contrib\admin\__init__.py first seen with mtime 1735923056.1716864
File D:\Python\Python\auto_auction\.venv\Lib\site-packages\urllib3\_request_methods.py first seen with mtime 1735920684.383857
File C:\Users\user\AppData\Local\Programs\Python\Python312\Lib\queue.py first seen with mtime 1722960152.0
File D:\Python\Python\auto_auction\.venv\Lib\site-packages\django\contrib\staticfiles\management\__init__.py first seen with mtime 1735923056.7753012
File D:\Python\Python\auto_auction\.venv\Lib\site-packages\django\db\models\sql\constants.py first seen with mtime 1735923056.8175843
File D:\Python\Python\auto_auction\.venv\Lib\site-packages\charset_normalizer\md__mypyc.cp312-win_amd64.pyd first seen with mtime 1735920684.717817
File C:\Users\user\AppData\Local\Programs\Python\Python312\Lib\warnings.py first seen with mtime 1722960152.0
File D:\Python\Python\auto_auction\.venv\Lib\site-packages\django\contrib\messages\constants.py first seen with mtime 1735923056.6150079
File D:\Python\Python\auto_auction\.venv\Lib\site-packages\django\core\validators.py first seen with mtime 1735923056.7753012
File C:\Users\user\AppData\Local\Programs\Python\Python312\Lib\enum.py first seen with mtime 1722960150.0
File D:\Python\Python\auto_auction\.venv\Lib\site-packages\django\db\models\constants.py first seen with mtime 1735923056.815266
File D:\Python\Python\auto_auction\.venv\Lib\site-packages\django\utils\dateformat.py first seen with mtime 1735923056.8494086
File D:\Python\Python\auto_auction\.venv\Lib\site-packages\rest_framework\utils\representation.py first seen with mtime 1736398257.4687626
File D:\Python\Python\auto_auction\.venv\Lib\site-packages\django\db\migrations\operations\base.py first seen with mtime 1735923056.8069372
File D:\Python\Python\auto_auction\.venv\Lib\site-packages\django\core\signals.py first seen with mtime 1735923056.7753012
File C:\Users\user\AppData\Local\Programs\Python\Python312\Lib\asyncio\mixins.py first seen with mtime 1722960150.0
File D:\Python\Python\auto_auction\.venv\Lib\site-packages\django\core\wsgi.py first seen with mtime 1735923056.7753012
File C:\Users\user\AppData\Local\Programs\Python\Python312\Lib\asyncio\streams.py first seen with mtime 1722960150.0
File D:\Python\Python\auto_auction\server\__init__.py first seen with mtime 1735923343.4447217
File D:\Python\Python\auto_auction\.venv\Lib\site-packages\sqlparse\filters\right_margin.py first seen with mtime 1735923056.0198054
File D:\Python\Python\auto_auction\.venv\Lib\site-packages\django\utils\itercompat.py first seen with mtime 1735923056.8494086
File D:\Python\Python\auto_auction\.venv\Lib\site-packages\django\template\loader.py first seen with mtime 1735923056.8388982
File C:\Users\user\AppData\Local\Programs\Python\Python312\Lib\urllib\parse.py first seen with mtime 1722960152.0
File D:\Python\Python\auto_auction\.venv\Lib\site-packages\django\views\decorators\debug.py first seen with mtime 1735923056.8600478
File D:\Python\Python\auto_auction\.venv\Lib\site-packages\django\contrib\admin\views\__init__.py first seen with mtime 1735923056.3112838
File C:\Users\user\AppData\Local\Programs\Python\Python312\DLLs\unicodedata.pyd first seen with mtime 1722960196.0
File D:\Python\Python\auto_auction\.venv\Lib\site-packages\django\contrib\postgres\forms\array.py first seen with mtime 1735923056.6173246
File C:\Users\user\AppData\Local\Programs\Python\Python312\Lib\xml\dom\minicompat.py first seen with mtime 1722960152.0
File C:\Users\user\AppData\Local\Programs\Python\Python312\Lib\asyncio\tasks.py first seen with mtime 1722960150.0
File D:\Python\Python\auto_auction\.venv\Lib\site-packages\django\core\files\uploadhandler.py first seen with mtime 1735923056.7858033
File D:\Python\Python\auto_auction\.venv\Lib\site-packages\rest_framework\utils\humanize_datetime.py first seen with mtime 1736398257.4687626
File C:\Users\user\AppData\Local\Programs\Python\Python312\Lib\unittest\util.py first seen with mtime 1722960152.0
File D:\Python\Python\auto_auction\.venv\Lib\site-packages\sqlparse\keywords.py first seen with mtime 1735923056.004196
File D:\Python\Python\auto_auction\.venv\Lib\site-packages\rest_framework\response.py first seen with mtime 1736398257.4104695
File D:\Python\Python\auto_auction\.venv\Lib\site-packages\django\db\models\constraints.py first seen with mtime 1735923056.815266
File D:\Python\Python\auto_auction\.venv\Lib\site-packages\requests\api.py first seen with mtime 1735920684.7642784
File D:\Python\Python\auto_auction\.venv\Lib\site-packages\django\utils\datastructures.py first seen with mtime 1735923056.8494086
File D:\Python\Python\auto_auction\.venv\Lib\site-packages\django\db\backends\postgresql\psycopg_any.py first seen with mtime 1735923056.8069372
File C:\Users\user\AppData\Local\Programs\Python\Python312\Lib\dis.py first seen with mtime 1722960150.0
File D:\Python\Python\auto_auction\.venv\Lib\site-packages\django\db\models\functions\window.py first seen with mtime 1735923056.8175843
File C:\Users\user\AppData\Local\Programs\Python\Python312\Lib\platform.py first seen with mtime 1722960152.0
File C:\Users\user\AppData\Local\Programs\Python\Python312\Lib\asyncio\staggered.py first seen with mtime 1722960150.0
File D:\Python\Python\auto_auction\.venv\Lib\site-packages\django\urls\utils.py first seen with mtime 1735923056.8494086
File C:\Users\user\AppData\Local\Programs\Python\Python312\Lib\json\__init__.py first seen with mtime 1722960152.0
File D:\Python\Python\auto_auction\.venv\Lib\site-packages\urllib3\util\timeout.py first seen with mtime 1735920684.4119742
File C:\Users\user\AppData\Local\Programs\Python\Python312\Lib\zoneinfo\_tzpath.py first seen with mtime 1722960152.0
File D:\Python\Python\auto_auction\.venv\Lib\site-packages\urllib3\util\request.py first seen with mtime 1735920684.4038143
File D:\Python\Python\auto_auction\.venv\Lib\site-packages\charset_normalizer\legacy.py first seen with mtime 1735920684.7096403
File D:\Python\Python\auto_auction\.venv\Lib\site-packages\django\contrib\postgres\fields\array.py first seen with mtime 1735923056.6173246
File D:\Python\Python\auto_auction\.venv\Lib\site-packages\django\db\models\__init__.py first seen with mtime 1735923056.8069372
File D:\Python\Python\auto_auction\.venv\Lib\site-packages\django\core\management\sql.py first seen with mtime 1735923056.7858033
File D:\Python\Python\auto_auction\.venv\Lib\site-packages\django\middleware\cache.py first seen with mtime 1735923056.8388982
File D:\Python\Python\auto_auction\.venv\Lib\site-packages\django\template\backends\base.py first seen with mtime 1735923056.8388982
File C:\Users\user\AppData\Local\Programs\Python\Python312\Lib\encodings\aliases.py first seen with mtime 1722960150.0
File D:\Python\Python\auto_auction\.venv\Lib\site-packages\psycopg2\extensions.py first seen with mtime 1735929203.467716
File D:\Python\Python\auto_auction\.venv\Lib\site-packages\sqlparse\tokens.py first seen with mtime 1735923056.004196
File D:\Python\Python\auto_auction\.venv\Lib\site-packages\django\contrib\sessions\apps.py first seen with mtime 1735923056.6891441
File D:\Python\Python\auto_auction\.venv\Lib\site-packages\django\contrib\auth\base_user.py first seen with mtime 1735923056.374886
File D:\Python\Python\auto_auction\.venv\Lib\site-packages\django\core\files\uploadedfile.py first seen with mtime 1735923056.7858033
File C:\Users\user\AppData\Local\Programs\Python\Python312\Lib\mimetypes.py first seen with mtime 1722960152.0
File D:\Python\Python\auto_auction\.venv\Lib\site-packages\django\template\library.py first seen with mtime 1735923056.8388982
File D:\Python\Python\auto_auction\.venv\Lib\site-packages\dotenv\variables.py first seen with mtime 1735929953.9052575
File D:\Python\Python\auto_auction\.venv\Lib\site-packages\rest_framework\templatetags\rest_framework.py first seen with mtime 1736398257.4687626
File D:\Python\Python\auto_auction\.venv\Lib\site-packages\django\core\paginator.py first seen with mtime 1735923056.7753012
File D:\Python\Python\auto_auction\.venv\Lib\site-packages\django\views\decorators\cache.py first seen with mtime 1735923056.8600478
File C:\Users\user\AppData\Local\Programs\Python\Python312\Lib\subprocess.py first seen with mtime 1722960152.0
File D:\Python\Python\auto_auction\.venv\Lib\site-packages\rest_framework\apps.py first seen with mtime 1736398257.4104695
File D:\Python\Python\auto_auction\.venv\Lib\site-packages\django\middleware\security.py first seen with mtime 1735923056.8388982
File D:\Python\Python\auto_auction\.venv\Lib\site-packages\django\contrib\messages\__init__.py first seen with mtime 1735923056.6150079
File D:\Python\Python\auto_auction\.venv\Lib\site-packages\django\core\handlers\__init__.py first seen with mtime 1735923056.7858033
File D:\Python\Python\auto_auction\.venv\Lib\site-packages\django\utils\numberformat.py first seen with mtime 1735923056.8494086
File D:\Python\Python\auto_auction\.venv\Lib\site-packages\django\contrib\messages\api.py first seen with mtime 1735923056.6150079
File D:\Python\Python\auto_auction\.venv\Lib\site-packages\django\db\migrations\exceptions.py first seen with mtime 1735923056.8069372
File D:\Python\Python\auto_auction\.venv\Lib\site-packages\django\core\servers\__init__.py first seen with mtime 1735923056.796448
File D:\Python\Python\auto_auction\.venv\Lib\site-packages\django\core\management\commands\__init__.py first seen with mtime 1735923056.7858033
File D:\Python\Python\auto_auction\.venv\Lib\site-packages\django\utils\formats.py first seen with mtime 1735923056.8494086
File D:\Python\Python\auto_auction\.venv\Lib\site-packages\rest_framework\schemas\openapi.py first seen with mtime 1736398257.4530141
File D:\Python\Python\auto_auction\.venv\Lib\site-packages\rest_framework\templatetags\__init__.py first seen with mtime 1736398257.4687626
File D:\Python\Python\auto_auction\.venv\Lib\site-packages\django\core\checks\urls.py first seen with mtime 1735923056.7858033
File D:\Python\Python\auto_auction\.venv\Lib\site-packages\django\contrib\admin\templatetags\__init__.py first seen with mtime 1735923056.3089273
File D:\Python\Python\auto_auction\.venv\Lib\site-packages\django\db\models\functions\text.py first seen with mtime 1735923056.8175843
File D:\Python\Python\auto_auction\.venv\Lib\site-packages\django\contrib\contenttypes\__init__.py first seen with mtime 1735923056.4274924
File D:\Python\Python\auto_auction\.venv\Lib\site-packages\urllib3\poolmanager.py first seen with mtime 1735920684.4038143
File C:\Users\user\AppData\Local\Programs\Python\Python312\Lib\xml\dom\xmlbuilder.py first seen with mtime 1722960152.0
File D:\Python\Python\auto_auction\.venv\Lib\site-packages\django\db\models\fields\generated.py first seen with mtime 1735923056.8175843
File C:\Users\user\AppData\Local\Programs\Python\Python312\Lib\email\__init__.py first seen with mtime 1722960150.0
File C:\Users\user\AppData\Local\Programs\Python\Python312\Lib\email\mime\message.py first seen with mtime 1722960150.0
File C:\Users\user\AppData\Local\Programs\Python\Python312\DLLs\_hashlib.pyd first seen with mtime 1722960196.0
File C:\Users\user\AppData\Local\Programs\Python\Python312\Lib\email\feedparser.py first seen with mtime 1722960150.0
File C:\Users\user\AppData\Local\Programs\Python\Python312\Lib\collections\__init__.py first seen with mtime 1722960150.0
File D:\Python\Python\auto_auction\.venv\Lib\site-packages\urllib3\util\response.py first seen with mtime 1735920684.4038143
File C:\Users\user\AppData\Local\Programs\Python\Python312\Lib\pathlib.py first seen with mtime 1722960152.0
File C:\Users\user\AppData\Local\Programs\Python\Python312\Lib\pickle.py first seen with mtime 1722960152.0
File C:\Users\user\AppData\Local\Programs\Python\Python312\Lib\functools.py first seen with mtime 1722960150.0
File C:\Users\user\AppData\Local\Programs\Python\Python312\Lib\email\header.py first seen with mtime 1722960150.0
File D:\Python\Python\auto_auction\.venv\Lib\site-packages\sqlparse\exceptions.py first seen with mtime 1735923056.004196
File C:\Users\user\AppData\Local\Programs\Python\Python312\Lib\copyreg.py first seen with mtime 1722960150.0
File D:\Python\Python\auto_auction\.venv\Lib\site-packages\django\core\files\storage\filesystem.py first seen with mtime 1735923056.7858033
File D:\Python\Python\auto_auction\.venv\Lib\site-packages\rest_framework\schemas\coreapi.py first seen with mtime 1736398257.4530141
File D:\Python\Python\auto_auction\.venv\Lib\site-packages\django\db\migrations\utils.py first seen with mtime 1735923056.8069372
File D:\Python\Python\auto_auction\.venv\Lib\site-packages\django\test\client.py first seen with mtime 1735923056.8470917
File D:\Python\Python\auto_auction\.venv\Lib\site-packages\django\core\checks\security\csrf.py first seen with mtime 1735923056.7858033
File D:\Python\Python\auto_auction\.venv\Lib\site-packages\django\contrib\sessions\__init__.py first seen with mtime 1735923056.6891441
File D:\Python\Python\auto_auction\.venv\Lib\site-packages\django\core\files\locks.py first seen with mtime 1735923056.7858033
File C:\Users\user\AppData\Local\Programs\Python\Python312\Lib\token.py first seen with mtime 1722960152.0
File D:\Python\Python\auto_auction\auto_auction\urls.py first seen with mtime 1736504342.8822312
File C:\Users\user\AppData\Local\Programs\Python\Python312\Lib\wsgiref\headers.py first seen with mtime 1722960152.0
File D:\Python\Python\auto_auction\.venv\Lib\site-packages\django\db\models\functions\comparison.py first seen with mtime 1735923056.8175843
File C:\Users\user\AppData\Local\Programs\Python\Python312\DLLs\select.pyd first seen with mtime 1722960196.0
File D:\Python\Python\auto_auction\.venv\Lib\site-packages\django\core\signing.py first seen with mtime 1735923056.7753012
File D:\Python\Python\auto_auction\.venv\Lib\site-packages\django\core\checks\model_checks.py first seen with mtime 1735923056.785602
File C:\Users\user\AppData\Local\Programs\Python\Python312\Lib\email\_policybase.py first seen with mtime 1722960150.0
File D:\Python\Python\auto_auction\.venv\Lib\site-packages\django\contrib\admin\views\main.py first seen with mtime 1735923056.3112838
File D:\Python\Python\auto_auction\.venv\Lib\site-packages\django\contrib\contenttypes\views.py first seen with mtime 1735923056.4277024
File C:\Users\user\AppData\Local\Programs\Python\Python312\Lib\http\cookies.py first seen with mtime 1722960150.0
File D:\Python\Python\auto_auction\.venv\Lib\site-packages\django\utils\regex_helper.py first seen with mtime 1735923056.8494086
File D:\Python\Python\auto_auction\.venv\Lib\site-packages\django\contrib\auth\models.py first seen with mtime 1735923056.374886
File D:\Python\Python\auto_auction\.venv\Lib\site-packages\urllib3\util\ssl_.py first seen with mtime 1735920684.4038143
File D:\Python\Python\auto_auction\.venv\Lib\site-packages\urllib3\util\util.py first seen with mtime 1735920684.4119742
File C:\Users\user\AppData\Local\Programs\Python\Python312\Lib\bisect.py first seen with mtime 1722960150.0
File D:\Python\Python\auto_auction\.venv\Lib\site-packages\django\contrib\admin\models.py first seen with mtime 1735923056.1819043
File D:\Python\Python\auto_auction\.venv\Lib\site-packages\django\utils\log.py first seen with mtime 1735923056.8494086
File D:\Python\Python\auto_auction\.venv\Lib\site-packages\django\utils\safestring.py first seen with mtime 1735923056.8494086
File C:\Users\user\AppData\Local\Programs\Python\Python312\Lib\email\policy.py first seen with mtime 1722960150.0
File D:\Python\Python\auto_auction\.venv\Lib\site-packages\urllib3\util\connection.py first seen with mtime 1735920684.4038143
File D:\Python\Python\auto_auction\.venv\Lib\site-packages\django\contrib\auth\__init__.py first seen with mtime 1735923056.374886
File C:\Users\user\AppData\Local\Programs\Python\Python312\Lib\xml\dom\__init__.py first seen with mtime 1722960152.0
File D:\Python\Python\auto_auction\.venv\Lib\site-packages\django\template\utils.py first seen with mtime 1735923056.8388982
File D:\Python\Python\auto_auction\.venv\Lib\site-packages\django\utils\choices.py first seen with mtime 1735923056.8494086
File D:\Python\Python\auto_auction\.venv\Lib\site-packages\rest_framework\schemas\generators.py first seen with mtime 1736398257.4530141
File D:\Python\Python\auto_auction\.venv\Lib\site-packages\django\http\__init__.py first seen with mtime 1735923056.8388982
File D:\Python\Python\auto_auction\.venv\Lib\site-packages\django\contrib\postgres\fields\utils.py first seen with mtime 1735923056.6173246
File D:\Python\Python\auto_auction\.venv\Lib\site-packages\django\__init__.py first seen with mtime 1735923056.0891273
File D:\Python\Python\auto_auction\.venv\Lib\site-packages\django\db\models\deletion.py first seen with mtime 1735923056.815266
File D:\Python\Python\auto_auction\.venv\Lib\site-packages\django\core\checks\compatibility\__init__.py first seen with mtime 1735923056.7858033
File D:\Python\Python\auto_auction\.venv\Lib\site-packages\django\db\__init__.py first seen with mtime 1735923056.796448
File D:\Python\Python\auto_auction\.venv\Lib\site-packages\psycopg2\_json.py first seen with mtime 1735929203.4524684
File D:\Python\Python\auto_auction\.venv\Lib\site-packages\django\contrib\sites\requests.py first seen with mtime 1735923056.73372
File D:\Python\Python\auto_auction\.venv\Lib\site-packages\dotenv\main.py first seen with mtime 1735929953.9052575
File C:\Users\user\AppData\Local\Programs\Python\Python312\Lib\linecache.py first seen with mtime 1722960152.0
File D:\Python\Python\auto_auction\server\urls.py first seen with mtime 1736504327.6614068
File D:\Python\Python\auto_auction\.venv\Lib\site-packages\django\core\checks\templates.py first seen with mtime 1735923056.7858033
File D:\Python\Python\auto_auction\.venv\Lib\site-packages\django\templatetags\__init__.py first seen with mtime 1735923056.8388982
File C:\Users\user\AppData\Local\Programs\Python\Python312\Lib\encodings\__init__.py first seen with mtime 1722960150.0
File D:\Python\Python\auto_auction\.venv\Lib\site-packages\django\db\migrations\state.py first seen with mtime 1735923056.8069372
File C:\Users\user\AppData\Local\Programs\Python\Python312\Lib\_compression.py first seen with mtime 1722960150.0
File D:\Python\Python\auto_auction\.venv\Lib\site-packages\django\contrib\staticfiles\finders.py first seen with mtime 1735923056.7753012
File C:\Users\user\AppData\Local\Programs\Python\Python312\Lib\html\__init__.py first seen with mtime 1722960150.0
File C:\Users\user\AppData\Local\Programs\Python\Python312\Lib\importlib\__init__.py first seen with mtime 1722960152.0
File D:\Python\Python\auto_auction\.venv\Lib\site-packages\django\test\__init__.py first seen with mtime 1735923056.8470917
File D:\Python\Python\auto_auction\.venv\Lib\site-packages\django\db\models\signals.py first seen with mtime 1735923056.8175843
File D:\Python\Python\auto_auction\auto_auction\views.py first seen with mtime 1736399281.1864793
File D:\Python\Python\auto_auction\.venv\Lib\site-packages\django\core\exceptions.py first seen with mtime 1735923056.7753012
File D:\Python\Python\auto_auction\.venv\Lib\site-packages\urllib3\response.py first seen with mtime 1735920684.4038143
File D:\Python\Python\auto_auction\.venv\Lib\site-packages\django\db\models\manager.py first seen with mtime 1735923056.815266
File D:\Python\Python\auto_auction\.venv\Lib\site-packages\django\shortcuts.py first seen with mtime 1735923056.0891273
File C:\Users\user\AppData\Local\Programs\Python\Python312\Lib\asyncio\futures.py first seen with mtime 1722960150.0
File D:\Python\Python\auto_auction\.venv\Lib\site-packages\psycopg2\_ipaddress.py first seen with mtime 1735929203.4451258
File C:\Users\user\AppData\Local\Programs\Python\Python312\Lib\_markupbase.py first seen with mtime 1722960150.0
File C:\Users\user\AppData\Local\Programs\Python\Python312\Lib\email\mime\multipart.py first seen with mtime 1722960150.0
File C:\Users\user\AppData\Local\Programs\Python\Python312\Lib\asyncio\taskgroups.py first seen with mtime 1722960150.0
File D:\Python\Python\auto_auction\.venv\Lib\site-packages\django\contrib\postgres\search.py first seen with mtime 1735923056.6173246
File C:\Users\user\AppData\Local\Programs\Python\Python312\Lib\csv.py first seen with mtime 1722960150.0
File D:\Python\Python\auto_auction\.venv\Lib\site-packages\django\conf\global_settings.py first seen with mtime 1735923056.0891273
File D:\Python\Python\auto_auction\.venv\Lib\site-packages\django\core\files\images.py first seen with mtime 1735923056.7858033
File D:\Python\Python\auto_auction\.venv\Lib\site-packages\django\core\servers\basehttp.py first seen with mtime 1735923056.796448
File D:\Python\Python\auto_auction\.venv\Lib\site-packages\django\forms\models.py first seen with mtime 1735923056.8258882
File C:\Users\user\AppData\Local\Programs\Python\Python312\Lib\asyncio\subprocess.py first seen with mtime 1722960150.0
File C:\Users\user\AppData\Local\Programs\Python\Python312\Lib\asyncio\base_events.py first seen with mtime 1722960150.0
File D:\Python\Python\auto_auction\.venv\Lib\site-packages\django\db\backends\postgresql\operations.py first seen with mtime 1735923056.8069372
File C:\Users\user\AppData\Local\Programs\Python\Python312\Lib\importlib\_abc.py first seen with mtime 1722960152.0
File D:\Python\Python\auto_auction\.venv\Lib\site-packages\django\contrib\postgres\fields\jsonb.py first seen with mtime 1735923056.6173246
File D:\Python\Python\auto_auction\.venv\Lib\site-packages\django\core\checks\security\base.py first seen with mtime 1735923056.7858033
File D:\Python\Python\auto_auction\.venv\Lib\site-packages\django\core\serializers\python.py first seen with mtime 1735923056.796448
File D:\Python\Python\auto_auction\.venv\Lib\site-packages\django\contrib\staticfiles\management\commands\runserver.py first seen with mtime 1735923056.7753012
File D:\Python\Python\auto_auction\.venv\Lib\site-packages\django\core\management\base.py first seen with mtime 1735923056.7858033
File C:\Users\user\AppData\Local\Programs\Python\Python312\Lib\concurrent\futures\_base.py first seen with mtime 1722960150.0
File D:\Python\Python\auto_auction\.venv\Lib\site-packages\rest_framework\__init__.py first seen with mtime 1736398257.4104695
File D:\Python\Python\auto_auction\.venv\Lib\site-packages\django\utils\hashable.py first seen with mtime 1735923056.8494086
File C:\Users\user\AppData\Local\Programs\Python\Python312\Lib\email\charset.py first seen with mtime 1722960150.0
File D:\Python\Python\auto_auction\.venv\Lib\site-packages\django\db\models\fields\related.py first seen with mtime 1735923056.8175843
File D:\Python\Python\auto_auction\.venv\Lib\site-packages\django\utils\_os.py first seen with mtime 1735923056.8494086
File D:\Python\Python\auto_auction\.venv\Lib\site-packages\sqlparse\filters\others.py first seen with mtime 1735923056.004196
File D:\Python\Python\auto_auction\.venv\Lib\site-packages\django\core\checks\database.py first seen with mtime 1735923056.783474
File C:\Users\user\AppData\Local\Programs\Python\Python312\Lib\xml\dom\NodeFilter.py first seen with mtime 1722960152.0
File C:\Users\user\AppData\Local\Programs\Python\Python312\DLLs\_socket.pyd first seen with mtime 1722960196.0
File C:\Users\user\AppData\Local\Programs\Python\Python312\Lib\base64.py first seen with mtime 1722960150.0
File D:\Python\Python\auto_auction\.venv\Lib\site-packages\django\utils\dates.py first seen with mtime 1735923056.8494086
File C:\Users\user\AppData\Local\Programs\Python\Python312\Lib\xml\dom\domreg.py first seen with mtime 1722960152.0
File C:\Users\user\AppData\Local\Programs\Python\Python312\DLLs\_ssl.pyd first seen with mtime 1722960196.0
File D:\Python\Python\auto_auction\auto_auction\serializers.py first seen with mtime 1736398832.523726
File C:\Users\user\AppData\Local\Programs\Python\Python312\Lib\concurrent\__init__.py first seen with mtime 1722960150.0
File D:\Python\Python\auto_auction\.venv\Lib\site-packages\django\db\transaction.py first seen with mtime 1735923056.796448
File D:\Python\Python\auto_auction\.venv\Lib\site-packages\django\db\backends\base\client.py first seen with mtime 1735923056.796448
File D:\Python\Python\auto_auction\.venv\Lib\site-packages\rest_framework\utils\breadcrumbs.py first seen with mtime 1736398257.4687626
File C:\Users\user\AppData\Local\Programs\Python\Python312\Lib\wsgiref\handlers.py first seen with mtime 1722960152.0
File D:\Python\Python\auto_auction\.venv\Lib\site-packages\django\core\cache\backends\base.py first seen with mtime 1735923056.783474
File C:\Users\user\AppData\Local\Programs\Python\Python312\Lib\_weakrefset.py first seen with mtime 1722960150.0
File D:\Python\Python\auto_auction\.venv\Lib\site-packages\requests\hooks.py first seen with mtime 1735920684.7642784
File C:\Users\user\AppData\Local\Programs\Python\Python312\Lib\quopri.py first seen with mtime 1722960152.0
File D:\Python\Python\auto_auction\.venv\Lib\site-packages\django\core\files\base.py first seen with mtime 1735923056.7858033
File C:\Users\user\AppData\Local\Programs\Python\Python312\Lib\glob.py first seen with mtime 1722960150.0
File C:\Users\user\AppData\Local\Programs\Python\Python312\Lib\copy.py first seen with mtime 1722960150.0
File D:\Python\Python\auto_auction\.venv\Lib\site-packages\django\contrib\staticfiles\management\commands\__init__.py first seen with mtime 1735923056.7753012
File D:\Python\Python\auto_auction\.venv\Lib\site-packages\django\db\models\fields\reverse_related.py first seen with mtime 1735923056.8175843
File D:\Python\Python\auto_auction\.venv\Lib\site-packages\django\core\checks\translation.py first seen with mtime 1735923056.7858033
File D:\Python\Python\auto_auction\.venv\Lib\site-packages\django\db\models\fields\related_lookups.py first seen with mtime 1735923056.8175843
File D:\Python\Python\auto_auction\.venv\Lib\site-packages\django\utils\autoreload.py first seen with mtime 1735923056.8494086
File D:\Python\Python\auto_auction\.venv\Lib\site-packages\urllib3\connection.py first seen with mtime 1735920684.383857
File C:\Users\user\AppData\Local\Programs\Python\Python312\Lib\importlib\resources\abc.py first seen with mtime 1722960152.0
File D:\Python\Python\auto_auction\.venv\Lib\site-packages\django\templatetags\l10n.py first seen with mtime 1735923056.8470917
File D:\Python\Python\auto_auction\.venv\Lib\site-packages\django\contrib\postgres\fields\citext.py first seen with mtime 1735923056.6173246
File D:\Python\Python\auto_auction\.venv\Lib\site-packages\sqlparse\formatter.py first seen with mtime 1735923056.004196
File C:\Users\user\AppData\Local\Programs\Python\Python312\DLLs\_wmi.pyd first seen with mtime 1722960196.0
File D:\Python\Python\auto_auction\.venv\Lib\site-packages\charset_normalizer\cd.py first seen with mtime 1735920684.7096403
File D:\Python\Python\auto_auction\.venv\Lib\site-packages\django\db\models\sql\__init__.py first seen with mtime 1735923056.8175843
File D:\Python\Python\auto_auction\.venv\Lib\site-packages\django\utils\html.py first seen with mtime 1735923056.8494086
File D:\Python\Python\auto_auction\.venv\Lib\site-packages\django\template\backends\__init__.py first seen with mtime 1735923056.8388982
File D:\Python\Python\auto_auction\.venv\Lib\site-packages\charset_normalizer\api.py first seen with mtime 1735920684.7096403
File D:\Python\Python\auto_auction\.venv\Lib\site-packages\django\forms\utils.py first seen with mtime 1735923056.8258882
File D:\Python\Python\auto_auction\.venv\Lib\site-packages\django\db\models\functions\math.py first seen with mtime 1735923056.8175843
File D:\Python\Python\auto_auction\.venv\Lib\site-packages\rest_framework\schemas\__init__.py first seen with mtime 1736398257.4530141
File D:\Python\Python\auto_auction\.venv\Lib\site-packages\django\views\generic\base.py first seen with mtime 1735923056.8600478
File D:\Python\Python\auto_auction\.venv\Lib\site-packages\sqlparse\__init__.py first seen with mtime 1735923056.004196
File D:\Python\Python\auto_auction\.venv\Lib\site-packages\django\db\models\sql\where.py first seen with mtime 1735923056.8175843
File D:\Python\Python\auto_auction\.venv\Lib\site-packages\requests\certs.py first seen with mtime 1735920684.7642784
File D:\Python\Python\auto_auction\.venv\Lib\site-packages\django\utils\deprecation.py first seen with mtime 1735923056.8494086
File C:\Users\user\AppData\Local\Programs\Python\Python312\Lib\stringprep.py first seen with mtime 1722960152.0
File C:\Users\user\AppData\Local\Programs\Python\Python312\Lib\tempfile.py first seen with mtime 1722960152.0
File C:\Users\user\AppData\Local\Programs\Python\Python312\Lib\keyword.py first seen with mtime 1722960152.0
File D:\Python\Python\auto_auction\.venv\Lib\site-packages\django\contrib\admin\options.py first seen with mtime 1735923056.1841762
File C:\Users\user\AppData\Local\Programs\Python\Python312\Lib\asyncio\transports.py first seen with mtime 1722960150.0
File D:\Python\Python\auto_auction\.venv\Lib\site-packages\rest_framework\reverse.py first seen with mtime 1736398257.4104695
File D:\Python\Python\auto_auction\.venv\Lib\site-packages\django\core\files\storage\handler.py first seen with mtime 1735923056.7858033
File D:\Python\Python\auto_auction\.venv\Lib\site-packages\rest_framework\schemas\inspectors.py first seen with mtime 1736398257.4530141
File D:\Python\Python\auto_auction\.venv\Lib\site-packages\django\core\cache\utils.py first seen with mtime 1735923056.7753012
File D:\Python\Python\auto_auction\.venv\Lib\site-packages\django\urls\exceptions.py first seen with mtime 1735923056.8494086
File D:\Python\Python\auto_auction\.venv\Lib\site-packages\django\conf\locale\__init__.py first seen with mtime 1735923056.0891273
File D:\Python\Python\auto_auction\.venv\Lib\site-packages\django\core\__init__.py first seen with mtime 1735923056.7753012
File D:\Python\Python\auto_auction\.venv\Lib\site-packages\django\conf\urls\__init__.py first seen with mtime 1735923056.1716864
File D:\Python\Python\auto_auction\.venv\Lib\site-packages\django\contrib\admin\helpers.py first seen with mtime 1735923056.1819043
File D:\Python\Python\auto_auction\.venv\Lib\site-packages\django\db\models\fields\mixins.py first seen with mtime 1735923056.8175843
File D:\Python\Python\auto_auction\.venv\Lib\site-packages\idna\package_data.py first seen with mtime 1735920684.6452036
File C:\Users\user\AppData\Local\Programs\Python\Python312\Lib\heapq.py first seen with mtime 1722960150.0
File D:\Python\Python\auto_auction\.venv\Lib\site-packages\urllib3\filepost.py first seen with mtime 1735920684.4038143
File D:\Python\Python\auto_auction\.venv\Lib\site-packages\urllib3\util\ssltransport.py first seen with mtime 1735920684.4118686
File D:\Python\Python\auto_auction\.venv\Lib\site-packages\rest_framework\parsers.py first seen with mtime 1736398257.4104695
File D:\Python\Python\auto_auction\.venv\Lib\site-packages\django\contrib\auth\apps.py first seen with mtime 1735923056.374886
File D:\Python\Python\auto_auction\.venv\Lib\site-packages\django\core\management\color.py first seen with mtime 1735923056.7858033
File D:\Python\Python\auto_auction\.venv\Lib\site-packages\django\contrib\postgres\forms\hstore.py first seen with mtime 1735923056.6173246
File C:\Users\user\AppData\Local\Programs\Python\Python312\Lib\email\headerregistry.py first seen with mtime 1722960150.0
File C:\Users\user\AppData\Local\Programs\Python\Python312\Lib\ipaddress.py first seen with mtime 1722960152.0
File D:\Python\Python\auto_auction\.venv\Lib\site-packages\django\utils\lorem_ipsum.py first seen with mtime 1735923056.8494086
File D:\Python\Python\auto_auction\.venv\Lib\site-packages\django\core\files\storage\memory.py first seen with mtime 1735923056.7858033
File D:\Python\Python\auto_auction\.venv\Lib\site-packages\charset_normalizer\version.py first seen with mtime 1735920684.717817
File D:\Python\Python\auto_auction\.venv\Lib\site-packages\requests\_internal_utils.py first seen with mtime 1735920684.7642784
File D:\Python\Python\auto_auction\.venv\Lib\site-packages\django\db\backends\base\introspection.py first seen with mtime 1735923056.796448
File D:\Python\Python\auto_auction\.venv\Lib\site-packages\urllib3\_collections.py first seen with mtime 1735920684.383857
File D:\Python\Python\auto_auction\.venv\Lib\site-packages\rest_framework\serializers.py first seen with mtime 1736398257.4104695
File D:\Python\Python\auto_auction\.venv\Lib\site-packages\django\core\checks\__init__.py first seen with mtime 1735923056.783474
File D:\Python\Python\auto_auction\.venv\Lib\site-packages\django\contrib\admin\sites.py first seen with mtime 1735923056.1841762
File C:\Users\user\AppData\Local\Programs\Python\Python312\Lib\random.py first seen with mtime 1722960152.0
File C:\Users\user\AppData\Local\Programs\Python\Python312\Lib\ctypes\_endian.py first seen with mtime 1722960150.0
File D:\Python\Python\auto_auction\.venv\Lib\site-packages\django\core\checks\messages.py first seen with mtime 1735923056.783474
File C:\Users\user\AppData\Local\Programs\Python\Python312\Lib\gzip.py first seen with mtime 1722960150.0
File D:\Python\Python\auto_auction\.venv\Lib\site-packages\django\core\files\storage\mixins.py first seen with mtime 1735923056.7858033
File C:\Users\user\AppData\Local\Programs\Python\Python312\Lib\importlib\resources\_common.py first seen with mtime 1722960152.0
File C:\Users\user\AppData\Local\Programs\Python\Python312\Lib\email\mime\nonmultipart.py first seen with mtime 1722960150.0
File C:\Users\user\AppData\Local\Programs\Python\Python312\Lib\email\mime\__init__.py first seen with mtime 1722960150.0
File D:\Python\Python\auto_auction\.venv\Lib\site-packages\django\urls\__init__.py first seen with mtime 1735923056.8494086
File C:\Users\user\AppData\Local\Programs\Python\Python312\Lib\ctypes\wintypes.py first seen with mtime 1722960150.0
File D:\Python\Python\auto_auction\.venv\Lib\site-packages\django\contrib\admindocs\utils.py first seen with mtime 1735923056.3112838
File D:\Python\Python\auto_auction\.venv\Lib\site-packages\django\db\models\functions\__init__.py first seen with mtime 1735923056.8175843
File D:\Python\Python\auto_auction\.venv\Lib\site-packages\rest_framework\settings.py first seen with mtime 1736398257.4104695
File D:\Python\Python\auto_auction\.venv\Lib\site-packages\sqlparse\lexer.py first seen with mtime 1735923056.004196
File C:\Users\user\AppData\Local\Programs\Python\Python312\Lib\wsgiref\util.py first seen with mtime 1722960152.0
File D:\Python\Python\auto_auction\.venv\Lib\site-packages\django\template\loaders\base.py first seen with mtime 1735923056.8388982
File D:\Python\Python\auto_auction\.venv\Lib\site-packages\django\contrib\contenttypes\admin.py first seen with mtime 1735923056.4277024
File D:\Python\Python\auto_auction\.venv\Lib\site-packages\rest_framework\utils\model_meta.py first seen with mtime 1736398257.4687626
File D:\Python\Python\auto_auction\.venv\Lib\site-packages\django\db\models\sql\subqueries.py first seen with mtime 1735923056.8175843
File D:\Python\Python\auto_auction\.venv\Lib\site-packages\rest_framework\negotiation.py first seen with mtime 1736398257.4104695
File D:\Python\Python\auto_auction\.venv\Lib\site-packages\django\core\files\move.py first seen with mtime 1735923056.7858033
File C:\Users\user\AppData\Local\Programs\Python\Python312\Lib\importlib\metadata\_functools.py first seen with mtime 1722960152.0
File D:\Python\Python\auto_auction\.venv\Lib\site-packages\django\contrib\admin\decorators.py first seen with mtime 1735923056.1716864
File D:\Python\Python\auto_auction\.venv\Lib\site-packages\django\template\loaders\app_directories.py first seen with mtime 1735923056.8388982
File D:\Python\Python\auto_auction\.venv\Lib\site-packages\django\template\defaulttags.py first seen with mtime 1735923056.8388982
File D:\Python\Python\auto_auction\.venv\Lib\site-packages\sqlparse\engine\__init__.py first seen with mtime 1735923056.004196
File D:\Python\Python\auto_auction\.venv\Lib\site-packages\django\utils\tree.py first seen with mtime 1735923056.8575482
File D:\Python\Python\auto_auction\.venv\Lib\site-packages\django\db\backends\base\schema.py first seen with mtime 1735923056.796448
File C:\Users\user\AppData\Local\Programs\Python\Python312\Lib\nturl2path.py first seen with mtime 1722960152.0
File D:\Python\Python\auto_auction\.venv\Lib\site-packages\django\db\models\expressions.py first seen with mtime 1735923056.815266
File D:\Python\Python\auto_auction\.venv\Lib\site-packages\django\core\checks\security\__init__.py first seen with mtime 1735923056.7858033
File C:\Users\user\AppData\Local\Programs\Python\Python312\Lib\encodings\idna.py first seen with mtime 1722960150.0
File C:\Users\user\AppData\Local\Programs\Python\Python312\Lib\asyncio\windows_utils.py first seen with mtime 1722960150.0
File D:\Python\Python\auto_auction\.venv\Lib\site-packages\django\contrib\postgres\validators.py first seen with mtime 1735923056.6173246
File D:\Python\Python\auto_auction\.venv\Lib\site-packages\psycopg2\_psycopg.cp312-win_amd64.pyd first seen with mtime 1735929203.4632487
File C:\Users\user\AppData\Local\Programs\Python\Python312\Lib\re\__init__.py first seen with mtime 1722960152.0
File D:\Python\Python\auto_auction\.venv\Lib\site-packages\django\contrib\postgres\forms\ranges.py first seen with mtime 1735923056.6173246
File C:\Users\user\AppData\Local\Programs\Python\Python312\Lib\locale.py first seen with mtime 1722960152.0
File C:\Users\user\AppData\Local\Programs\Python\Python312\Lib\importlib\readers.py first seen with mtime 1722960152.0
File D:\Python\Python\auto_auction\.venv\Lib\site-packages\django\db\backends\postgresql\creation.py first seen with mtime 1735923056.8069372
File D:\Python\Python\auto_auction\.venv\Lib\site-packages\django\db\migrations\operations\fields.py first seen with mtime 1735923056.8069372
File D:\Python\Python\auto_auction\.venv\Lib\site-packages\requests\cookies.py first seen with mtime 1735920684.7642784
File C:\Users\user\AppData\Local\Programs\Python\Python312\Lib\zoneinfo\__init__.py first seen with mtime 1722960152.0
File D:\Python\Python\auto_auction\.venv\Lib\site-packages\django\contrib\admindocs\views.py first seen with mtime 1735923056.3112838
File C:\Users\user\AppData\Local\Programs\Python\Python312\Lib\string.py first seen with mtime 1722960152.0
File D:\Python\Python\auto_auction\.venv\Lib\site-packages\django\db\models\sql\query.py first seen with mtime 1735923056.8175843
File D:\Python\Python\auto_auction\.venv\Lib\site-packages\urllib3\util\retry.py first seen with mtime 1735920684.4038143
File C:\Users\user\AppData\Local\Programs\Python\Python312\DLLs\_uuid.pyd first seen with mtime 1722960196.0
File D:\Python\Python\auto_auction\.venv\Lib\site-packages\django\contrib\auth\password_validation.py first seen with mtime 1735923056.374886
File D:\Python\Python\auto_auction\.venv\Lib\site-packages\django\db\backends\postgresql\introspection.py first seen with mtime 1735923056.8069372
File C:\Users\user\AppData\Local\Programs\Python\Python312\Lib\hashlib.py first seen with mtime 1722960150.0
File D:\Python\Python\auto_auction\.venv\Lib\site-packages\django\core\mail\message.py first seen with mtime 1735923056.7858033
File D:\Python\Python\auto_auction\.venv\Lib\site-packages\rest_framework\permissions.py first seen with mtime 1736398257.4104695
File D:\Python\Python\auto_auction\.venv\Lib\site-packages\django\db\backends\postgresql\base.py first seen with mtime 1735923056.8069372
File C:\Users\user\AppData\Local\Programs\Python\Python312\Lib\asyncio\locks.py first seen with mtime 1722960150.0
File C:\Users\user\AppData\Local\Programs\Python\Python312\Lib\ctypes\__init__.py first seen with mtime 1722960150.0
File D:\Python\Python\auto_auction\.venv\Lib\site-packages\django\contrib\auth\management\__init__.py first seen with mtime 1735923056.416989
File D:\Python\Python\auto_auction\.venv\Lib\site-packages\django\contrib\postgres\lookups.py first seen with mtime 1735923056.6173246
File C:\Users\user\AppData\Local\Programs\Python\Python312\Lib\fnmatch.py first seen with mtime 1722960150.0
File D:\Python\Python\auto_auction\.venv\Lib\site-packages\django\contrib\__init__.py first seen with mtime 1735923056.1716864
File D:\Python\Python\auto_auction\.venv\Lib\site-packages\rest_framework\utils\html.py first seen with mtime 1736398257.4687626
File D:\Python\Python\auto_auction\.venv\Lib\site-packages\django\template\base.py first seen with mtime 1735923056.8388982
File D:\Python\Python\auto_auction\.venv\Lib\site-packages\django\utils\crypto.py first seen with mtime 1735923056.8494086
File D:\Python\Python\auto_auction\.venv\Lib\site-packages\django\forms\fields.py first seen with mtime 1735923056.8175843
File D:\Python\Python\auto_auction\.venv\Lib\site-packages\django\core\handlers\exception.py first seen with mtime 1735923056.7858033
File D:\Python\Python\auto_auction\.venv\Lib\site-packages\django\contrib\auth\backends.py first seen with mtime 1735923056.374886
File D:\Python\Python\auto_auction\.venv\Lib\site-packages\django\contrib\staticfiles\utils.py first seen with mtime 1735923056.7753012
File C:\Users\user\AppData\Local\Programs\Python\Python312\Lib\asyncio\selector_events.py first seen with mtime 1722960150.0
File C:\Users\user\AppData\Local\Programs\Python\Python312\Lib\zipfile\_path\glob.py first seen with mtime 1722960152.0
File D:\Python\Python\auto_auction\auto_auction\models.py first seen with mtime 1735975875.7908154
File C:\Users\user\AppData\Local\Programs\Python\Python312\Lib\collections\abc.py first seen with mtime 1722960150.0
File C:\Users\user\AppData\Local\Programs\Python\Python312\Lib\html\entities.py first seen with mtime 1722960150.0
File D:\Python\Python\auto_auction\.venv\Lib\site-packages\urllib3\connectionpool.py first seen with mtime 1735920684.4032414
File D:\Python\Python\auto_auction\.venv\Lib\site-packages\requests\packages.py first seen with mtime 1735920684.7642784
File C:\Users\user\AppData\Local\Programs\Python\Python312\Lib\email\parser.py first seen with mtime 1722960150.0
File C:\Users\user\AppData\Local\Programs\Python\Python312\Lib\asyncio\constants.py first seen with mtime 1722960150.0
File D:\Python\Python\auto_auction\.venv\Lib\site-packages\django\forms\boundfield.py first seen with mtime 1735923056.8175843
File D:\Python\Python\auto_auction\.venv\Lib\site-packages\django\contrib\staticfiles\views.py first seen with mtime 1735923056.7753012
File D:\Python\Python\auto_auction\.venv\Lib\site-packages\django\http\cookie.py first seen with mtime 1735923056.8388982
File C:\Users\user\AppData\Local\Programs\Python\Python312\Lib\email\iterators.py first seen with mtime 1722960150.0
File D:\Python\Python\auto_auction\.venv\Lib\site-packages\django\contrib\sites\shortcuts.py first seen with mtime 1735923056.73372
File D:\Python\Python\auto_auction\.venv\Lib\site-packages\django\contrib\staticfiles\handlers.py first seen with mtime 1735923056.7753012
File C:\Users\user\AppData\Local\Programs\Python\Python312\Lib\email\encoders.py first seen with mtime 1722960150.0
File C:\Users\user\AppData\Local\Programs\Python\Python312\Lib\re\_compiler.py first seen with mtime 1722960152.0
File C:\Users\user\AppData\Local\Programs\Python\Python312\Lib\email\errors.py first seen with mtime 1722960150.0
File D:\Python\Python\auto_auction\.venv\Lib\site-packages\django\core\checks\compatibility\django_4_0.py first seen with mtime 1735923056.7858033
File D:\Python\Python\auto_auction\.venv\Lib\site-packages\django\core\files\utils.py first seen with mtime 1735923056.7858033
File D:\Python\Python\auto_auction\.venv\Lib\site-packages\django\db\backends\base\creation.py first seen with mtime 1735923056.796448
File D:\Python\Python\auto_auction\.venv\Lib\site-packages\django\db\backends\base\validation.py first seen with mtime 1735923056.796448
File C:\Users\user\AppData\Local\Programs\Python\Python312\Lib\asyncio\runners.py first seen with mtime 1722960150.0
File D:\Python\Python\auto_auction\.venv\Lib\site-packages\rest_framework\utils\encoders.py first seen with mtime 1736398257.4687626
File D:\Python\Python\auto_auction\.venv\Lib\site-packages\requests\auth.py first seen with mtime 1735920684.7642784
File C:\Users\user\AppData\Local\Programs\Python\Python312\Lib\logging\__init__.py first seen with mtime 1722960152.0
File D:\Python\Python\auto_auction\.venv\Lib\site-packages\django\db\backends\base\__init__.py first seen with mtime 1735923056.796448
File D:\Python\Python\auto_auction\.venv\Lib\site-packages\django\db\utils.py first seen with mtime 1735923056.796448
File D:\Python\Python\auto_auction\.venv\Lib\site-packages\rest_framework\metadata.py first seen with mtime 1736398257.4104695
File D:\Python\Python\auto_auction\.venv\Lib\site-packages\django\db\models\aggregates.py first seen with mtime 1735923056.8069372
File D:\Python\Python\auto_auction\.venv\Lib\site-packages\rest_framework\validators.py first seen with mtime 1736398257.4104695
File D:\Python\Python\auto_auction\.venv\Lib\site-packages\idna\idnadata.py first seen with mtime 1735920684.6452036
File C:\Users\user\AppData\Local\Programs\Python\Python312\Lib\asyncio\exceptions.py first seen with mtime 1722960150.0
File C:\Users\user\AppData\Local\Programs\Python\Python312\Lib\struct.py first seen with mtime 1722960152.0
File C:\Users\user\AppData\Local\Programs\Python\Python312\Lib\unittest\main.py first seen with mtime 1722960152.0
File C:\Users\user\AppData\Local\Programs\Python\Python312\Lib\asyncio\base_futures.py first seen with mtime 1722960150.0
File D:\Python\Python\auto_auction\.venv\Lib\site-packages\django\db\models\fields\files.py first seen with mtime 1735923056.8175843
File D:\Python\Python\auto_auction\.venv\Lib\site-packages\requests\status_codes.py first seen with mtime 1735920684.7642784
File C:\Users\user\AppData\Local\Programs\Python\Python312\Lib\http\cookiejar.py first seen with mtime 1722960150.0
File D:\Python\Python\auto_auction\.venv\Lib\site-packages\django\contrib\auth\signals.py first seen with mtime 1735923056.374886
File D:\Python\Python\auto_auction\.venv\Lib\site-packages\rest_framework\renderers.py first seen with mtime 1736398257.4104695
File D:\Python\Python\auto_auction\.venv\Lib\site-packages\urllib3\util\wait.py first seen with mtime 1735920684.4119742
File C:\Users\user\AppData\Local\Programs\Python\Python312\Lib\asyncio\queues.py first seen with mtime 1722960150.0
File D:\Python\Python\auto_auction\.venv\Lib\site-packages\django\conf\__init__.py first seen with mtime 1735923056.0891273
File C:\Users\user\AppData\Local\Programs\Python\Python312\Lib\logging\config.py first seen with mtime 1722960152.0
File C:\Users\user\AppData\Local\Programs\Python\Python312\Lib\secrets.py first seen with mtime 1722960152.0
File D:\Python\Python\auto_auction\.venv\Lib\site-packages\django\utils\ipv6.py first seen with mtime 1735923056.8494086
File C:\Users\user\AppData\Local\Programs\Python\Python312\Lib\graphlib.py first seen with mtime 1722960150.0
File C:\Users\user\AppData\Local\Programs\Python\Python312\Lib\tokenize.py first seen with mtime 1722960152.0
File D:\Python\Python\auto_auction\.venv\Lib\site-packages\django\core\handlers\base.py first seen with mtime 1735923056.7858033
File D:\Python\Python\auto_auction\.venv\Lib\site-packages\requests\__init__.py first seen with mtime 1735920684.7642784
File D:\Python\Python\auto_auction\.venv\Lib\site-packages\django\contrib\auth\admin.py first seen with mtime 1735923056.374886
File C:\Users\user\AppData\Local\Programs\Python\Python312\Lib\calendar.py first seen with mtime 1722960150.0
File D:\Python\Python\auto_auction\.venv\Lib\site-packages\rest_framework\status.py first seen with mtime 1736398257.4104695
File C:\Users\user\AppData\Local\Programs\Python\Python312\Lib\re\_constants.py first seen with mtime 1722960152.0
File D:\Python\Python\auto_auction\.venv\Lib\site-packages\rest_framework\fields.py first seen with mtime 1736398257.4104695
File D:\Python\Python\auto_auction\.venv\Lib\site-packages\sqlparse\filters\tokens.py first seen with mtime 1735923056.0198054
File D:\Python\Python\auto_auction\.venv\Lib\site-packages\rest_framework\relations.py first seen with mtime 1736398257.4104695
File D:\Python\Python\auto_auction\.venv\Lib\site-packages\django\urls\conf.py first seen with mtime 1735923056.8494086
File D:\Python\Python\auto_auction\.venv\Lib\site-packages\django\contrib\auth\checks.py first seen with mtime 1735923056.374886
File D:\Python\Python\auto_auction\.venv\Lib\site-packages\charset_normalizer\models.py first seen with mtime 1735920684.717817
File D:\Python\Python\auto_auction\.venv\Lib\site-packages\charset_normalizer\utils.py first seen with mtime 1735920684.717817
File C:\Users\user\AppData\Local\Programs\Python\Python312\Lib\urllib\response.py first seen with mtime 1722960152.0
File D:\Python\Python\auto_auction\manage.py first seen with mtime 1735923343.4447217
File C:\Users\user\AppData\Local\Programs\Python\Python312\Lib\importlib\abc.py first seen with mtime 1722960152.0
File D:\Python\Python\auto_auction\.venv\Lib\site-packages\django\db\backends\base\operations.py first seen with mtime 1735923056.796448
File D:\Python\Python\auto_auction\.venv\Lib\site-packages\django\contrib\admin\apps.py first seen with mtime 1735923056.1716864
File D:\Python\Python\auto_auction\.venv\Lib\site-packages\django\template\smartif.py first seen with mtime 1735923056.8388982
File D:\Python\Python\auto_auction\.venv\Lib\site-packages\django\template\__init__.py first seen with mtime 1735923056.8388982
File D:\Python\Python\auto_auction\.venv\Lib\site-packages\django\utils\__init__.py first seen with mtime 1735923056.8494086
File D:\Python\Python\auto_auction\.venv\Lib\site-packages\urllib3\fields.py first seen with mtime 1735920684.4038143
File C:\Users\user\AppData\Local\Programs\Python\Python312\Lib\typing.py first seen with mtime 1722960152.0
File C:\Users\user\AppData\Local\Programs\Python\Python312\Lib\socketserver.py first seen with mtime 1722960152.0
File C:\Users\user\AppData\Local\Programs\Python\Python312\Lib\json\decoder.py first seen with mtime 1722960152.0
File D:\Python\Python\auto_auction\.venv\Lib\site-packages\django\contrib\contenttypes\forms.py first seen with mtime 1735923056.4277024
File D:\Python\Python\auto_auction\.venv\Lib\site-packages\django\core\files\storage\base.py first seen with mtime 1735923056.7858033
File D:\Python\Python\auto_auction\.venv\Lib\site-packages\requests\utils.py first seen with mtime 1735920684.7642784
File D:\Python\Python\auto_auction\.venv\Lib\site-packages\certifi\__init__.py first seen with mtime 1735920684.7383883
File D:\Python\Python\auto_auction\.venv\Lib\site-packages\django\contrib\sites\__init__.py first seen with mtime 1735923056.73372
File D:\Python\Python\auto_auction\.venv\Lib\site-packages\rest_framework\compat.py first seen with mtime 1736398257.4104695
File D:\Python\Python\auto_auction\.venv\Lib\site-packages\psycopg2\errors.py first seen with mtime 1735929203.4675832
File C:\Users\user\AppData\Local\Programs\Python\Python312\Lib\bz2.py first seen with mtime 1722960150.0
File D:\Python\Python\auto_auction\.venv\Lib\site-packages\django\forms\formsets.py first seen with mtime 1735923056.8258882
File D:\Python\Python\auto_auction\.venv\Lib\site-packages\rest_framework\authentication.py first seen with mtime 1736398257.4104695
File D:\Python\Python\auto_auction\.venv\Lib\site-packages\django\views\decorators\common.py first seen with mtime 1735923056.8600478
File D:\Python\Python\auto_auction\.venv\Lib\site-packages\django\views\i18n.py first seen with mtime 1735923056.8577273
File D:\Python\Python\auto_auction\.venv\Lib\site-packages\django\apps\__init__.py first seen with mtime 1735923056.0891273
File C:\Users\user\AppData\Local\Programs\Python\Python312\Lib\asyncio\coroutines.py first seen with mtime 1722960150.0
File D:\Python\Python\auto_auction\.venv\Lib\site-packages\django\apps\config.py first seen with mtime 1735923056.0891273
File D:\Python\Python\auto_auction\.venv\Lib\site-packages\django\contrib\contenttypes\checks.py first seen with mtime 1735923056.4277024
File D:\Python\Python\auto_auction\.venv\Lib\site-packages\sqlparse\filters\__init__.py first seen with mtime 1735923056.004196
File C:\Users\user\AppData\Local\Programs\Python\Python312\Lib\unittest\__init__.py first seen with mtime 1722960152.0
File C:\Users\user\AppData\Local\Programs\Python\Python312\Lib\unittest\result.py first seen with mtime 1722960152.0
File D:\Python\Python\auto_auction\.venv\Lib\site-packages\django\contrib\sessions\base_session.py first seen with mtime 1735923056.6891441
File D:\Python\Python\auto_auction\.venv\Lib\site-packages\django\db\models\enums.py first seen with mtime 1735923056.815266
File D:\Python\Python\auto_auction\.venv\Lib\site-packages\django\test\signals.py first seen with mtime 1735923056.8470917
File D:\Python\Python\auto_auction\.venv\Lib\site-packages\django\contrib\auth\decorators.py first seen with mtime 1735923056.374886
File D:\Python\Python\auto_auction\.venv\Lib\site-packages\django\contrib\admin\templatetags\admin_modify.py first seen with mtime 1735923056.3089273
File D:\Python\Python\auto_auction\.venv\Lib\site-packages\django\db\migrations\__init__.py first seen with mtime 1735923056.8069372
File D:\Python\Python\auto_auction\.venv\Lib\site-packages\certifi\core.py first seen with mtime 1735920684.748524
File D:\Python\Python\auto_auction\.venv\Lib\site-packages\idna\__init__.py first seen with mtime 1735920684.6370163
File D:\Python\Python\auto_auction\.venv\Lib\site-packages\django\core\checks\registry.py first seen with mtime 1735923056.7858033
File C:\Users\user\AppData\Local\Programs\Python\Python312\Lib\argparse.py first seen with mtime 1722960150.0
File D:\Python\Python\auto_auction\.venv\Lib\site-packages\django\contrib\staticfiles\checks.py first seen with mtime 1735923056.7753012
File C:\Users\user\AppData\Local\Programs\Python\Python312\DLLs\_queue.pyd first seen with mtime 1722960196.0
File C:\Users\user\AppData\Local\Programs\Python\Python312\Lib\email\mime\text.py first seen with mtime 1722960150.0
File D:\Python\Python\auto_auction\.venv\Lib\site-packages\sqlparse\engine\grouping.py first seen with mtime 1735923056.004196
File D:\Python\Python\auto_auction\.venv\Lib\site-packages\django\contrib\messages\apps.py first seen with mtime 1735923056.6150079
File D:\Python\Python\auto_auction\.venv\Lib\site-packages\rest_framework\utils\serializer_helpers.py first seen with mtime 1736398257.4687626
File C:\Users\user\AppData\Local\Programs\Python\Python312\Lib\email\mime\base.py first seen with mtime 1722960150.0
File D:\Python\Python\auto_auction\.venv\Lib\site-packages\django\contrib\admin\templatetags\base.py first seen with mtime 1735923056.3110666
File D:\Python\Python\auto_auction\auto_auction\__init__.py first seen with mtime 1735923434.8771262
File D:\Python\Python\auto_auction\.venv\Lib\site-packages\rest_framework\exceptions.py first seen with mtime 1736398257.4104695
File C:\Users\user\AppData\Local\Programs\Python\Python312\Lib\__future__.py first seen with mtime 1722960150.0
File D:\Python\Python\auto_auction\.venv\Lib\site-packages\django\utils\translation\__init__.py first seen with mtime 1735923056.8577273
File C:\Users\user\AppData\Local\Programs\Python\Python312\Lib\importlib\metadata\_collections.py first seen with mtime 1722960152.0
File D:\Python\Python\auto_auction\.venv\Lib\site-packages\asgiref\current_thread_executor.py first seen with mtime 1735923056.0544808
File D:\Python\Python\auto_auction\.venv\Lib\site-packages\django\http\response.py first seen with mtime 1735923056.8388982
File D:\Python\Python\auto_auction\.venv\Lib\site-packages\urllib3\util\proxy.py first seen with mtime 1735920684.4038143
File D:\Python\Python\auto_auction\.venv\Lib\site-packages\django\core\files\temp.py first seen with mtime 1735923056.7858033
File D:\Python\Python\auto_auction\.venv\Lib\site-packages\django\db\models\fields\json.py first seen with mtime 1735923056.8175843
File D:\Python\Python\auto_auction\.venv\Lib\site-packages\django\test\testcases.py first seen with mtime 1735923056.8494086
File D:\Python\Python\auto_auction\.venv\Lib\site-packages\requests\adapters.py first seen with mtime 1735920684.7642784
File D:\Python\Python\auto_auction\.venv\Lib\site-packages\django\utils\cache.py first seen with mtime 1735923056.8494086
File D:\Python\Python\auto_auction\.venv\Lib\site-packages\django\views\generic\dates.py first seen with mtime 1735923056.8600478
File C:\Users\user\AppData\Local\Programs\Python\Python312\Lib\importlib\metadata\_meta.py first seen with mtime 1722960152.0
File D:\Python\Python\auto_auction\.venv\Lib\site-packages\django\contrib\messages\storage\base.py first seen with mtime 1735923056.6150079
File D:\Python\Python\auto_auction\.venv\Lib\site-packages\django\core\mail\utils.py first seen with mtime 1735923056.7858033
File D:\Python\Python\auto_auction\.venv\Lib\site-packages\django\db\backends\postgresql\__init__.py first seen with mtime 1735923056.8069372
File D:\Python\Python\auto_auction\.venv\Lib\site-packages\django\views\debug.py first seen with mtime 1735923056.8577273
File D:\Python\Python\auto_auction\.venv\Lib\site-packages\django\contrib\staticfiles\apps.py first seen with mtime 1735923056.7753012
File C:\Users\user\AppData\Local\Programs\Python\Python312\Lib\json\scanner.py first seen with mtime 1722960152.0
File C:\Users\user\AppData\Local\Programs\Python\Python312\Lib\pkgutil.py first seen with mtime 1722960152.0
File D:\Python\Python\auto_auction\.venv\Lib\site-packages\django\template\response.py first seen with mtime 1735923056.8388982
File D:\Python\Python\auto_auction\.venv\Lib\site-packages\django\core\cache\backends\__init__.py first seen with mtime 1735923056.7753012
File D:\Python\Python\auto_auction\.venv\Lib\site-packages\django\utils\dateparse.py first seen with mtime 1735923056.8494086
File D:\Python\Python\auto_auction\.venv\Lib\site-packages\django\contrib\admin\templatetags\admin_urls.py first seen with mtime 1735923056.3089273
File D:\Python\Python\auto_auction\.venv\Lib\site-packages\django\middleware\csrf.py first seen with mtime 1735923056.8388982
File D:\Python\Python\auto_auction\.venv\Lib\site-packages\django\db\models\indexes.py first seen with mtime 1735923056.815266
File D:\Python\Python\auto_auction\.venv\Lib\site-packages\django\template\exceptions.py first seen with mtime 1735923056.8388982
File D:\Python\Python\auto_auction\.venv\Lib\site-packages\django\db\backends\signals.py first seen with mtime 1735923056.796448
File D:\Python\Python\auto_auction\.venv\Lib\site-packages\dotenv\parser.py first seen with mtime 1735929953.9052575
File C:\Users\user\AppData\Local\Programs\Python\Python312\Lib\http\__init__.py first seen with mtime 1722960150.0
File D:\Python\Python\auto_auction\.venv\Lib\site-packages\psycopg2\_range.py first seen with mtime 1735929203.4632487
File D:\Python\Python\auto_auction\.venv\Lib\site-packages\django\contrib\contenttypes\fields.py first seen with mtime 1735923056.4277024
File C:\Users\user\AppData\Local\Programs\Python\Python312\Lib\email\_header_value_parser.py first seen with mtime 1722960150.0
File D:\Python\Python\auto_auction\.venv\Lib\site-packages\django\core\handlers\wsgi.py first seen with mtime 1735923056.7858033
File D:\Python\Python\auto_auction\.venv\Lib\site-packages\django\views\generic\edit.py first seen with mtime 1735923056.8600478
File D:\Python\Python\auto_auction\.venv\Lib\site-packages\django\views\generic\__init__.py first seen with mtime 1735923056.8600478
File C:\Users\user\AppData\Local\Programs\Python\Python312\Lib\asyncio\format_helpers.py first seen with mtime 1722960150.0
File C:\Users\user\AppData\Local\Programs\Python\Python312\Lib\ast.py first seen with mtime 1722960150.0
File D:\Python\Python\auto_auction\.venv\Lib\site-packages\django\urls\converters.py first seen with mtime 1735923056.8494086
File C:\Users\user\AppData\Local\Programs\Python\Python312\Lib\json\encoder.py first seen with mtime 1722960152.0
File C:\Users\user\AppData\Local\Programs\Python\Python312\Lib\importlib\metadata\_itertools.py first seen with mtime 1722960152.0
File D:\Python\Python\auto_auction\.venv\Lib\site-packages\rest_framework\utils\field_mapping.py first seen with mtime 1736398257.4687626
File D:\Python\Python\auto_auction\.venv\Lib\site-packages\django\templatetags\tz.py first seen with mtime 1735923056.8470917
File D:\Python\Python\auto_auction\.venv\Lib\site-packages\urllib3\_version.py first seen with mtime 1735920684.383857
File D:\Python\Python\auto_auction\.venv\Lib\site-packages\rest_framework\utils\__init__.py first seen with mtime 1736398257.4687626
File D:\Python\Python\auto_auction\.venv\Lib\site-packages\django\core\serializers\base.py first seen with mtime 1735923056.796448
File C:\Users\user\AppData\Local\Programs\Python\Python312\Lib\asyncio\timeouts.py first seen with mtime 1722960150.0
File C:\Users\user\AppData\Local\Programs\Python\Python312\Lib\unittest\case.py first seen with mtime 1722960152.0
File C:\Users\user\AppData\Local\Programs\Python\Python312\Lib\asyncio\sslproto.py first seen with mtime 1722960150.0
File D:\Python\Python\auto_auction\.venv\Lib\site-packages\django\contrib\admin\utils.py first seen with mtime 1735923056.1841762
File D:\Python\Python\auto_auction\.venv\Lib\site-packages\django\utils\version.py first seen with mtime 1735923056.8577273
File D:\Python\Python\auto_auction\.venv\Lib\site-packages\django\db\migrations\operations\__init__.py first seen with mtime 1735923056.8069372
File C:\Users\user\AppData\Local\Programs\Python\Python312\Lib\unittest\runner.py first seen with mtime 1722960152.0
File C:\Users\user\AppData\Local\Programs\Python\Python312\Lib\zipfile\_path\__init__.py first seen with mtime 1722960152.0
File C:\Users\user\AppData\Local\Programs\Python\Python312\Lib\contextlib.py first seen with mtime 1722960150.0
File D:\Python\Python\auto_auction\.venv\Lib\site-packages\django\contrib\admin\checks.py first seen with mtime 1735923056.1716864
File C:\Users\user\AppData\Local\Programs\Python\Python312\Lib\contextvars.py first seen with mtime 1722960150.0
File C:\Users\user\AppData\Local\Programs\Python\Python312\Lib\asyncio\trsock.py first seen with mtime 1722960150.0
File D:\Python\Python\auto_auction\.venv\Lib\site-packages\django\contrib\admin\templatetags\admin_list.py first seen with mtime 1735923056.3089273
File C:\Users\user\AppData\Local\Programs\Python\Python312\Lib\ssl.py first seen with mtime 1722960152.0
File C:\Users\user\AppData\Local\Programs\Python\Python312\Lib\re\_parser.py first seen with mtime 1722960152.0
File C:\Users\user\AppData\Local\Programs\Python\Python312\Lib\operator.py first seen with mtime 1722960152.0
File D:\Python\Python\auto_auction\.venv\Lib\site-packages\requests\structures.py first seen with mtime 1735920684.7642784
File D:\Python\Python\auto_auction\.venv\Lib\site-packages\django\contrib\auth\middleware.py first seen with mtime 1735923056.374886
File D:\Python\Python\auto_auction\.venv\Lib\site-packages\django\utils\timesince.py first seen with mtime 1735923056.8494086
File D:\Python\Python\auto_auction\.venv\Lib\site-packages\django\contrib\admindocs\__init__.py first seen with mtime 1735923056.3112838
File C:\Users\user\AppData\Local\Programs\Python\Python312\Lib\wsgiref\__init__.py first seen with mtime 1722960152.0
File C:\Users\user\AppData\Local\Programs\Python\Python312\DLLs\_ctypes.pyd first seen with mtime 1722960196.0
File D:\Python\Python\auto_auction\.venv\Lib\site-packages\django\contrib\admin\actions.py first seen with mtime 1735923056.1716864
File D:\Python\Python\auto_auction\.venv\Lib\site-packages\django\contrib\auth\forms.py first seen with mtime 1735923056.374886
File C:\Users\user\AppData\Local\Programs\Python\Python312\Lib\urllib\error.py first seen with mtime 1722960152.0
File D:\Python\Python\auto_auction\.venv\Lib\site-packages\django\contrib\sessions\models.py first seen with mtime 1735923056.6914623
File D:\Python\Python\auto_auction\.venv\Lib\site-packages\sqlparse\filters\aligned_indent.py first seen with mtime 1735923056.004196
File D:\Python\Python\auto_auction\.venv\Lib\site-packages\django\contrib\contenttypes\management\__init__.py first seen with mtime 1735923056.4593656
File D:\Python\Python\auto_auction\.venv\Lib\site-packages\psycopg2\extras.py first seen with mtime 1735929203.467716
File C:\Users\user\AppData\Local\Programs\Python\Python312\Lib\decimal.py first seen with mtime 1722960150.0
File D:\Python\Python\auto_auction\.venv\Lib\site-packages\django\utils\timezone.py first seen with mtime 1735923056.8494086
File D:\Python\Python\auto_auction\.venv\Lib\site-packages\django\core\cache\backends\filebased.py first seen with mtime 1735923056.783474
File D:\Python\Python\auto_auction\.venv\Lib\site-packages\urllib3\exceptions.py first seen with mtime 1735920684.4037666
File C:\Users\user\AppData\Local\Programs\Python\Python312\Lib\dataclasses.py first seen with mtime 1722960150.0
File D:\Python\Python\auto_auction\.venv\Lib\site-packages\django\contrib\messages\storage\__init__.py first seen with mtime 1735923056.6150079
File D:\Python\Python\auto_auction\.venv\Lib\site-packages\django\db\backends\postgresql\features.py first seen with mtime 1735923056.8069372
File D:\Python\Python\auto_auction\.venv\Lib\site-packages\requests\sessions.py first seen with mtime 1735920684.7642784
File D:\Python\Python\auto_auction\.venv\Lib\site-packages\django\forms\__init__.py first seen with mtime 1735923056.8175843
File D:\Python\Python\auto_auction\.venv\Lib\site-packages\django\core\handlers\asgi.py first seen with mtime 1735923056.7858033
File C:\Users\user\AppData\Local\Programs\Python\Python312\Lib\email\utils.py first seen with mtime 1722960150.0
File D:\Python\Python\auto_auction\.venv\Lib\site-packages\django\contrib\admin\views\autocomplete.py first seen with mtime 1735923056.3112838
File C:\Users\user\AppData\Local\Programs\Python\Python312\Lib\sysconfig.py first seen with mtime 1722960152.0
File D:\Python\Python\auto_auction\.venv\Lib\site-packages\django\forms\widgets.py first seen with mtime 1735923056.8258882
File D:\Python\Python\auto_auction\.venv\Lib\site-packages\django\db\models\functions\mixins.py first seen with mtime 1735923056.8175843
File C:\Users\user\AppData\Local\Programs\Python\Python312\Lib\reprlib.py first seen with mtime 1722960152.0
File D:\Python\Python\auto_auction\.venv\Lib\site-packages\django\core\checks\async_checks.py first seen with mtime 1735923056.783474
File D:\Python\Python\auto_auction\.venv\Lib\site-packages\django\contrib\contenttypes\apps.py first seen with mtime 1735923056.4277024
File D:\Python\Python\auto_auction\.venv\Lib\site-packages\urllib3\util\ssl_match_hostname.py first seen with mtime 1735920684.4038143
File D:\Python\Python\auto_auction\.venv\Lib\site-packages\django\core\checks\caches.py first seen with mtime 1735923056.783474
File D:\Python\Python\auto_auction\.venv\Lib\site-packages\django\db\backends\base\base.py first seen with mtime 1735923056.796448
File D:\Python\Python\auto_auction\.venv\Lib\site-packages\requests\exceptions.py first seen with mtime 1735920684.7642784
File D:\Python\Python\auto_auction\.venv\Lib\site-packages\django\utils\translation\trans_real.py first seen with mtime 1735923056.8577273
File C:\Users\user\AppData\Local\Programs\Python\Python312\Lib\re\_casefix.py first seen with mtime 1722960152.0
File D:\Python\Python\auto_auction\.venv\Lib\site-packages\django\contrib\admin\views\decorators.py first seen with mtime 1735923056.3112838
File D:\Python\Python\auto_auction\.venv\Lib\site-packages\django\utils\inspect.py first seen with mtime 1735923056.8494086
File C:\Users\user\AppData\Local\Programs\Python\Python312\DLLs\_overlapped.pyd first seen with mtime 1722960196.0
File D:\Python\Python\auto_auction\.venv\Lib\site-packages\django\contrib\auth\tokens.py first seen with mtime 1735923056.374886
File C:\Users\user\AppData\Local\Programs\Python\Python312\Lib\importlib\resources\readers.py first seen with mtime 1722960152.0
File D:\Python\Python\auto_auction\.venv\Lib\site-packages\django\contrib\postgres\fields\__init__.py first seen with mtime 1735923056.6173246
File D:\Python\Python\auto_auction\.venv\Lib\site-packages\django\contrib\admin\widgets.py first seen with mtime 1735923056.1841762
File D:\Python\Python\auto_auction\.venv\Lib\site-packages\django\utils\functional.py first seen with mtime 1735923056.8494086
File C:\Users\user\AppData\Local\Programs\Python\Python312\Lib\importlib\resources\__init__.py first seen with mtime 1722960152.0
File D:\Python\Python\auto_auction\.venv\Lib\site-packages\django\contrib\messages\utils.py first seen with mtime 1735923056.6150079
File D:\Python\Python\auto_auction\.venv\Lib\site-packages\django\urls\base.py first seen with mtime 1735923056.8494086
File D:\Python\Python\auto_auction\.venv\Lib\site-packages\django\middleware\__init__.py first seen with mtime 1735923056.8388982
File D:\Python\Python\auto_auction\.venv\Lib\site-packages\django\contrib\postgres\utils.py first seen with mtime 1735923056.6173246
File D:\Python\Python\auto_auction\.venv\Lib\site-packages\psycopg2\__init__.py first seen with mtime 1735929203.4451258
File C:\Users\user\AppData\Local\Programs\Python\Python312\Lib\zipfile\__init__.py first seen with mtime 1722960152.0
File D:\Python\Python\auto_auction\server\settings.py first seen with mtime 1736717745.589778
File D:\Python\Python\auto_auction\.venv\Lib\site-packages\django\db\models\query.py first seen with mtime 1735923056.8175843
File D:\Python\Python\auto_auction\.venv\Lib\site-packages\django\core\files\__init__.py first seen with mtime 1735923056.7858033
File D:\Python\Python\auto_auction\.venv\Lib\site-packages\django\db\models\base.py first seen with mtime 1735923056.815266
File D:\Python\Python\auto_auction\.venv\Lib\site-packages\rest_framework\templates\rest_framework first seen with mtime 1736398257.4687626
File D:\Python\Python\auto_auction\.venv\Lib\site-packages\rest_framework\templates\rest_framework\admin first seen with mtime 1736398257.4687626
File D:\Python\Python\auto_auction\.venv\Lib\site-packages\rest_framework\templates\rest_framework\admin.html first seen with mtime 1736398257.4687626
File D:\Python\Python\auto_auction\.venv\Lib\site-packages\rest_framework\templates\rest_framework\api.html first seen with mtime 1736398257.4687626
File D:\Python\Python\auto_auction\.venv\Lib\site-packages\rest_framework\templates\rest_framework\base.html first seen with mtime 1736398257.4687626
File D:\Python\Python\auto_auction\.venv\Lib\site-packages\rest_framework\templates\rest_framework\docs first seen with mtime 1736398257.4687626
File D:\Python\Python\auto_auction\.venv\Lib\site-packages\rest_framework\templates\rest_framework\filters first seen with mtime 1736398257.4687626
File D:\Python\Python\auto_auction\.venv\Lib\site-packages\rest_framework\templates\rest_framework\horizontal first seen with mtime 1736398257.4687626
File D:\Python\Python\auto_auction\.venv\Lib\site-packages\rest_framework\templates\rest_framework\inline first seen with mtime 1736398257.4687626
File D:\Python\Python\auto_auction\.venv\Lib\site-packages\rest_framework\templates\rest_framework\login.html first seen with mtime 1736398257.4687626
File D:\Python\Python\auto_auction\.venv\Lib\site-packages\rest_framework\templates\rest_framework\login_base.html first seen with mtime 1736398257.4687626
File D:\Python\Python\auto_auction\.venv\Lib\site-packages\rest_framework\templates\rest_framework\pagination first seen with mtime 1736398257.4687626
File D:\Python\Python\auto_auction\.venv\Lib\site-packages\rest_framework\templates\rest_framework\raw_data_form.html first seen with mtime 1736398257.4687626
File D:\Python\Python\auto_auction\.venv\Lib\site-packages\rest_framework\templates\rest_framework\schema.js first seen with mtime 1736398257.4687626
File D:\Python\Python\auto_auction\.venv\Lib\site-packages\rest_framework\templates\rest_framework\vertical first seen with mtime 1736398257.4687626
File D:\Python\Python\auto_auction\.venv\Lib\site-packages\rest_framework\templates\rest_framework\admin\detail.html first seen with mtime 1736398257.4687626
File D:\Python\Python\auto_auction\.venv\Lib\site-packages\rest_framework\templates\rest_framework\admin\dict_value.html first seen with mtime 1736398257.4687626
File D:\Python\Python\auto_auction\.venv\Lib\site-packages\rest_framework\templates\rest_framework\admin\list.html first seen with mtime 1736398257.4687626
File D:\Python\Python\auto_auction\.venv\Lib\site-packages\rest_framework\templates\rest_framework\admin\list_value.html first seen with mtime 1736398257.4687626
File D:\Python\Python\auto_auction\.venv\Lib\site-packages\rest_framework\templates\rest_framework\admin\simple_list_value.html first seen with mtime 1736398257.4687626
File D:\Python\Python\auto_auction\.venv\Lib\site-packages\rest_framework\templates\rest_framework\docs\auth first seen with mtime 1736398257.4687626
File D:\Python\Python\auto_auction\.venv\Lib\site-packages\rest_framework\templates\rest_framework\docs\document.html first seen with mtime 1736398257.4687626
File D:\Python\Python\auto_auction\.venv\Lib\site-packages\rest_framework\templates\rest_framework\docs\error.html first seen with mtime 1736398257.4687626
File D:\Python\Python\auto_auction\.venv\Lib\site-packages\rest_framework\templates\rest_framework\docs\index.html first seen with mtime 1736398257.4687626
File D:\Python\Python\auto_auction\.venv\Lib\site-packages\rest_framework\templates\rest_framework\docs\interact.html first seen with mtime 1736398257.4687626
File D:\Python\Python\auto_auction\.venv\Lib\site-packages\rest_framework\templates\rest_framework\docs\langs first seen with mtime 1736398257.4687626
File D:\Python\Python\auto_auction\.venv\Lib\site-packages\rest_framework\templates\rest_framework\docs\link.html first seen with mtime 1736398257.4687626
File D:\Python\Python\auto_auction\.venv\Lib\site-packages\rest_framework\templates\rest_framework\docs\sidebar.html first seen with mtime 1736398257.4687626
File D:\Python\Python\auto_auction\.venv\Lib\site-packages\rest_framework\templates\rest_framework\filters\base.html first seen with mtime 1736398257.4687626
File D:\Python\Python\auto_auction\.venv\Lib\site-packages\rest_framework\templates\rest_framework\filters\ordering.html first seen with mtime 1736398257.4687626
File D:\Python\Python\auto_auction\.venv\Lib\site-packages\rest_framework\templates\rest_framework\filters\search.html first seen with mtime 1736398257.4687626
File D:\Python\Python\auto_auction\.venv\Lib\site-packages\rest_framework\templates\rest_framework\horizontal\checkbox.html first seen with mtime 1736398257.4687626
File D:\Python\Python\auto_auction\.venv\Lib\site-packages\rest_framework\templates\rest_framework\horizontal\checkbox_multiple.html first seen with mtime 1736398257.4687626
File D:\Python\Python\auto_auction\.venv\Lib\site-packages\rest_framework\templates\rest_framework\horizontal\dict_field.html first seen with mtime 1736398257.4687626
File D:\Python\Python\auto_auction\.venv\Lib\site-packages\rest_framework\templates\rest_framework\horizontal\fieldset.html first seen with mtime 1736398257.4687626
File D:\Python\Python\auto_auction\.venv\Lib\site-packages\rest_framework\templates\rest_framework\horizontal\form.html first seen with mtime 1736398257.4687626
File D:\Python\Python\auto_auction\.venv\Lib\site-packages\rest_framework\templates\rest_framework\horizontal\input.html first seen with mtime 1736398257.4687626
File D:\Python\Python\auto_auction\.venv\Lib\site-packages\rest_framework\templates\rest_framework\horizontal\list_field.html first seen with mtime 1736398257.4687626
File D:\Python\Python\auto_auction\.venv\Lib\site-packages\rest_framework\templates\rest_framework\horizontal\list_fieldset.html first seen with mtime 1736398257.4687626
File D:\Python\Python\auto_auction\.venv\Lib\site-packages\rest_framework\templates\rest_framework\horizontal\radio.html first seen with mtime 1736398257.4687626
File D:\Python\Python\auto_auction\.venv\Lib\site-packages\rest_framework\templates\rest_framework\horizontal\select.html first seen with mtime 1736398257.4687626
File D:\Python\Python\auto_auction\.venv\Lib\site-packages\rest_framework\templates\rest_framework\horizontal\select_multiple.html first seen with mtime 1736398257.4687626
File D:\Python\Python\auto_auction\.venv\Lib\site-packages\rest_framework\templates\rest_framework\horizontal\textarea.html first seen with mtime 1736398257.4687626
File D:\Python\Python\auto_auction\.venv\Lib\site-packages\rest_framework\templates\rest_framework\inline\checkbox.html first seen with mtime 1736398257.4687626
File D:\Python\Python\auto_auction\.venv\Lib\site-packages\rest_framework\templates\rest_framework\inline\checkbox_multiple.html first seen with mtime 1736398257.4687626
File D:\Python\Python\auto_auction\.venv\Lib\site-packages\rest_framework\templates\rest_framework\inline\dict_field.html first seen with mtime 1736398257.4687626
File D:\Python\Python\auto_auction\.venv\Lib\site-packages\rest_framework\templates\rest_framework\inline\fieldset.html first seen with mtime 1736398257.4687626
File D:\Python\Python\auto_auction\.venv\Lib\site-packages\rest_framework\templates\rest_framework\inline\form.html first seen with mtime 1736398257.4687626
File D:\Python\Python\auto_auction\.venv\Lib\site-packages\rest_framework\templates\rest_framework\inline\input.html first seen with mtime 1736398257.4687626
File D:\Python\Python\auto_auction\.venv\Lib\site-packages\rest_framework\templates\rest_framework\inline\list_field.html first seen with mtime 1736398257.4687626
File D:\Python\Python\auto_auction\.venv\Lib\site-packages\rest_framework\templates\rest_framework\inline\list_fieldset.html first seen with mtime 1736398257.4687626
File D:\Python\Python\auto_auction\.venv\Lib\site-packages\rest_framework\templates\rest_framework\inline\radio.html first seen with mtime 1736398257.4687626
File D:\Python\Python\auto_auction\.venv\Lib\site-packages\rest_framework\templates\rest_framework\inline\select.html first seen with mtime 1736398257.4687626
File D:\Python\Python\auto_auction\.venv\Lib\site-packages\rest_framework\templates\rest_framework\inline\select_multiple.html first seen with mtime 1736398257.4687626
File D:\Python\Python\auto_auction\.venv\Lib\site-packages\rest_framework\templates\rest_framework\inline\textarea.html first seen with mtime 1736398257.4687626
File D:\Python\Python\auto_auction\.venv\Lib\site-packages\rest_framework\templates\rest_framework\pagination\numbers.html first seen with mtime 1736398257.4687626
File D:\Python\Python\auto_auction\.venv\Lib\site-packages\rest_framework\templates\rest_framework\pagination\previous_and_next.html first seen with mtime 1736398257.4687626
File D:\Python\Python\auto_auction\.venv\Lib\site-packages\rest_framework\templates\rest_framework\vertical\checkbox.html first seen with mtime 1736398257.4687626
File D:\Python\Python\auto_auction\.venv\Lib\site-packages\rest_framework\templates\rest_framework\vertical\checkbox_multiple.html first seen with mtime 1736398257.4687626
File D:\Python\Python\auto_auction\.venv\Lib\site-packages\rest_framework\templates\rest_framework\vertical\dict_field.html first seen with mtime 1736398257.4687626
File D:\Python\Python\auto_auction\.venv\Lib\site-packages\rest_framework\templates\rest_framework\vertical\fieldset.html first seen with mtime 1736398257.4687626
File D:\Python\Python\auto_auction\.venv\Lib\site-packages\rest_framework\templates\rest_framework\vertical\form.html first seen with mtime 1736398257.4687626
File D:\Python\Python\auto_auction\.venv\Lib\site-packages\rest_framework\templates\rest_framework\vertical\input.html first seen with mtime 1736398257.4687626
File D:\Python\Python\auto_auction\.venv\Lib\site-packages\rest_framework\templates\rest_framework\vertical\list_field.html first seen with mtime 1736398257.4687626
File D:\Python\Python\auto_auction\.venv\Lib\site-packages\rest_framework\templates\rest_framework\vertical\list_fieldset.html first seen with mtime 1736398257.4687626
File D:\Python\Python\auto_auction\.venv\Lib\site-packages\rest_framework\templates\rest_framework\vertical\radio.html first seen with mtime 1736398257.4687626
File D:\Python\Python\auto_auction\.venv\Lib\site-packages\rest_framework\templates\rest_framework\vertical\select.html first seen with mtime 1736398257.4687626
File D:\Python\Python\auto_auction\.venv\Lib\site-packages\rest_framework\templates\rest_framework\vertical\select_multiple.html first seen with mtime 1736398257.4687626
File D:\Python\Python\auto_auction\.venv\Lib\site-packages\rest_framework\templates\rest_framework\vertical\textarea.html first seen with mtime 1736398257.4687626
File D:\Python\Python\auto_auction\.venv\Lib\site-packages\rest_framework\templates\rest_framework\docs\auth\basic.html first seen with mtime 1736398257.4687626
File D:\Python\Python\auto_auction\.venv\Lib\site-packages\rest_framework\templates\rest_framework\docs\auth\session.html first seen with mtime 1736398257.4687626
File D:\Python\Python\auto_auction\.venv\Lib\site-packages\rest_framework\templates\rest_framework\docs\auth\token.html first seen with mtime 1736398257.4687626
File D:\Python\Python\auto_auction\.venv\Lib\site-packages\rest_framework\templates\rest_framework\docs\langs\javascript-intro.html first seen with mtime 1736398257.4687626
File D:\Python\Python\auto_auction\.venv\Lib\site-packages\rest_framework\templates\rest_framework\docs\langs\javascript.html first seen with mtime 1736398257.4687626
File D:\Python\Python\auto_auction\.venv\Lib\site-packages\rest_framework\templates\rest_framework\docs\langs\python-intro.html first seen with mtime 1736398257.4687626
File D:\Python\Python\auto_auction\.venv\Lib\site-packages\rest_framework\templates\rest_framework\docs\langs\python.html first seen with mtime 1736398257.4687626
File D:\Python\Python\auto_auction\.venv\Lib\site-packages\rest_framework\templates\rest_framework\docs\langs\shell-intro.html first seen with mtime 1736398257.4687626
File D:\Python\Python\auto_auction\.venv\Lib\site-packages\rest_framework\templates\rest_framework\docs\langs\shell.html first seen with mtime 1736398257.4687626
File D:\Python\Python\auto_auction\.venv\Lib\site-packages\rest_framework\locale\ach\LC_MESSAGES\django.mo first seen with mtime 1736398257.4104695
File D:\Python\Python\auto_auction\.venv\Lib\site-packages\rest_framework\locale\ar\LC_MESSAGES\django.mo first seen with mtime 1736398257.4104695
File D:\Python\Python\auto_auction\.venv\Lib\site-packages\rest_framework\locale\az\LC_MESSAGES\django.mo first seen with mtime 1736398257.4262345
File D:\Python\Python\auto_auction\.venv\Lib\site-packages\rest_framework\locale\be\LC_MESSAGES\django.mo first seen with mtime 1736398257.4262345
File D:\Python\Python\auto_auction\.venv\Lib\site-packages\rest_framework\locale\bg\LC_MESSAGES\django.mo first seen with mtime 1736398257.428078
File D:\Python\Python\auto_auction\.venv\Lib\site-packages\rest_framework\locale\ca\LC_MESSAGES\django.mo first seen with mtime 1736398257.428078
File D:\Python\Python\auto_auction\.venv\Lib\site-packages\rest_framework\locale\ca_ES\LC_MESSAGES\django.mo first seen with mtime 1736398257.4293935
File D:\Python\Python\auto_auction\.venv\Lib\site-packages\rest_framework\locale\cs\LC_MESSAGES\django.mo first seen with mtime 1736398257.429992
File D:\Python\Python\auto_auction\.venv\Lib\site-packages\rest_framework\locale\da\LC_MESSAGES\django.mo first seen with mtime 1736398257.429992
File D:\Python\Python\auto_auction\.venv\Lib\site-packages\rest_framework\locale\de\LC_MESSAGES\django.mo first seen with mtime 1736398257.429992
File D:\Python\Python\auto_auction\.venv\Lib\site-packages\rest_framework\locale\el\LC_MESSAGES\django.mo first seen with mtime 1736398257.429992
File D:\Python\Python\auto_auction\.venv\Lib\site-packages\rest_framework\locale\el_GR\LC_MESSAGES\django.mo first seen with mtime 1736398257.429992
File D:\Python\Python\auto_auction\.venv\Lib\site-packages\rest_framework\locale\en\LC_MESSAGES\django.mo first seen with mtime 1736398257.4335082
File D:\Python\Python\auto_auction\.venv\Lib\site-packages\rest_framework\locale\en_AU\LC_MESSAGES\django.mo first seen with mtime 1736398257.4335082
File D:\Python\Python\auto_auction\.venv\Lib\site-packages\rest_framework\locale\en_CA\LC_MESSAGES\django.mo first seen with mtime 1736398257.4335082
File D:\Python\Python\auto_auction\.venv\Lib\site-packages\rest_framework\locale\en_US\LC_MESSAGES\django.mo first seen with mtime 1736398257.4335082
File D:\Python\Python\auto_auction\.venv\Lib\site-packages\rest_framework\locale\es\LC_MESSAGES\django.mo first seen with mtime 1736398257.4335082
File D:\Python\Python\auto_auction\.venv\Lib\site-packages\rest_framework\locale\et\LC_MESSAGES\django.mo first seen with mtime 1736398257.4335082
File D:\Python\Python\auto_auction\.venv\Lib\site-packages\rest_framework\locale\fa\LC_MESSAGES\django.mo first seen with mtime 1736398257.4335082
File D:\Python\Python\auto_auction\.venv\Lib\site-packages\rest_framework\locale\fa_IR\LC_MESSAGES\django.mo first seen with mtime 1736398257.4335082
File D:\Python\Python\auto_auction\.venv\Lib\site-packages\rest_framework\locale\fi\LC_MESSAGES\django.mo first seen with mtime 1736398257.4375143
File D:\Python\Python\auto_auction\.venv\Lib\site-packages\rest_framework\locale\fr\LC_MESSAGES\django.mo first seen with mtime 1736398257.4375143
File D:\Python\Python\auto_auction\.venv\Lib\site-packages\rest_framework\locale\fr_CA\LC_MESSAGES\django.mo first seen with mtime 1736398257.4375143
File D:\Python\Python\auto_auction\.venv\Lib\site-packages\rest_framework\locale\gl\LC_MESSAGES\django.mo first seen with mtime 1736398257.4375143
File D:\Python\Python\auto_auction\.venv\Lib\site-packages\rest_framework\locale\gl_ES\LC_MESSAGES\django.mo first seen with mtime 1736398257.4375143
File D:\Python\Python\auto_auction\.venv\Lib\site-packages\rest_framework\locale\he_IL\LC_MESSAGES\django.mo first seen with mtime 1736398257.4375143
File D:\Python\Python\auto_auction\.venv\Lib\site-packages\rest_framework\locale\hu\LC_MESSAGES\django.mo first seen with mtime 1736398257.4375143
File D:\Python\Python\auto_auction\.venv\Lib\site-packages\rest_framework\locale\hy\LC_MESSAGES\django.mo first seen with mtime 1736398257.4375143
File D:\Python\Python\auto_auction\.venv\Lib\site-packages\rest_framework\locale\id\LC_MESSAGES\django.mo first seen with mtime 1736398257.4375143
File D:\Python\Python\auto_auction\.venv\Lib\site-packages\rest_framework\locale\it\LC_MESSAGES\django.mo first seen with mtime 1736398257.4375143
File D:\Python\Python\auto_auction\.venv\Lib\site-packages\rest_framework\locale\ja\LC_MESSAGES\django.mo first seen with mtime 1736398257.4375143
File D:\Python\Python\auto_auction\.venv\Lib\site-packages\rest_framework\locale\ko_KR\LC_MESSAGES\django.mo first seen with mtime 1736398257.4375143
File D:\Python\Python\auto_auction\.venv\Lib\site-packages\rest_framework\locale\lt\LC_MESSAGES\django.mo first seen with mtime 1736398257.4375143
File D:\Python\Python\auto_auction\.venv\Lib\site-packages\rest_framework\locale\lv\LC_MESSAGES\django.mo first seen with mtime 1736398257.4375143
File D:\Python\Python\auto_auction\.venv\Lib\site-packages\rest_framework\locale\mk\LC_MESSAGES\django.mo first seen with mtime 1736398257.4375143
File D:\Python\Python\auto_auction\.venv\Lib\site-packages\rest_framework\locale\nb\LC_MESSAGES\django.mo first seen with mtime 1736398257.4375143
File D:\Python\Python\auto_auction\.venv\Lib\site-packages\rest_framework\locale\ne_NP\LC_MESSAGES\django.mo first seen with mtime 1736398257.4375143
File D:\Python\Python\auto_auction\.venv\Lib\site-packages\rest_framework\locale\nl\LC_MESSAGES\django.mo first seen with mtime 1736398257.4375143
File D:\Python\Python\auto_auction\.venv\Lib\site-packages\rest_framework\locale\nn\LC_MESSAGES\django.mo first seen with mtime 1736398257.4445176
File D:\Python\Python\auto_auction\.venv\Lib\site-packages\rest_framework\locale\no\LC_MESSAGES\django.mo first seen with mtime 1736398257.444722
File D:\Python\Python\auto_auction\.venv\Lib\site-packages\rest_framework\locale\pl\LC_MESSAGES\django.mo first seen with mtime 1736398257.444722
File D:\Python\Python\auto_auction\.venv\Lib\site-packages\rest_framework\locale\pt\LC_MESSAGES\django.mo first seen with mtime 1736398257.444722
File D:\Python\Python\auto_auction\.venv\Lib\site-packages\rest_framework\locale\pt_BR\LC_MESSAGES\django.mo first seen with mtime 1736398257.444722
File D:\Python\Python\auto_auction\.venv\Lib\site-packages\rest_framework\locale\pt_PT\LC_MESSAGES\django.mo first seen with mtime 1736398257.444722
File D:\Python\Python\auto_auction\.venv\Lib\site-packages\rest_framework\locale\ro\LC_MESSAGES\django.mo first seen with mtime 1736398257.444722
File D:\Python\Python\auto_auction\.venv\Lib\site-packages\rest_framework\locale\ru\LC_MESSAGES\django.mo first seen with mtime 1736398257.444722
File D:\Python\Python\auto_auction\.venv\Lib\site-packages\rest_framework\locale\ru_RU\LC_MESSAGES\django.mo first seen with mtime 1736398257.444722
File D:\Python\Python\auto_auction\.venv\Lib\site-packages\rest_framework\locale\sk\LC_MESSAGES\django.mo first seen with mtime 1736398257.444722
File D:\Python\Python\auto_auction\.venv\Lib\site-packages\rest_framework\locale\sl\LC_MESSAGES\django.mo first seen with mtime 1736398257.444722
File D:\Python\Python\auto_auction\.venv\Lib\site-packages\rest_framework\locale\sv\LC_MESSAGES\django.mo first seen with mtime 1736398257.444722
File D:\Python\Python\auto_auction\.venv\Lib\site-packages\rest_framework\locale\th\LC_MESSAGES\django.mo first seen with mtime 1736398257.444722
File D:\Python\Python\auto_auction\.venv\Lib\site-packages\rest_framework\locale\tr\LC_MESSAGES\django.mo first seen with mtime 1736398257.444722
File D:\Python\Python\auto_auction\.venv\Lib\site-packages\rest_framework\locale\tr_TR\LC_MESSAGES\django.mo first seen with mtime 1736398257.444722
File D:\Python\Python\auto_auction\.venv\Lib\site-packages\rest_framework\locale\uk\LC_MESSAGES\django.mo first seen with mtime 1736398257.444722
File D:\Python\Python\auto_auction\.venv\Lib\site-packages\rest_framework\locale\vi\LC_MESSAGES\django.mo first seen with mtime 1736398257.444722
File D:\Python\Python\auto_auction\.venv\Lib\site-packages\rest_framework\locale\zh_CN\LC_MESSAGES\django.mo first seen with mtime 1736398257.444722
File D:\Python\Python\auto_auction\.venv\Lib\site-packages\rest_framework\locale\zh_Hans\LC_MESSAGES\django.mo first seen with mtime 1736398257.444722
File D:\Python\Python\auto_auction\.venv\Lib\site-packages\rest_framework\locale\zh_Hant\LC_MESSAGES\django.mo first seen with mtime 1736398257.444722
File D:\Python\Python\auto_auction\.venv\Lib\site-packages\rest_framework\locale\zh_TW\LC_MESSAGES\django.mo first seen with mtime 1736398257.444722
File D:\Python\Python\auto_auction\.venv\Lib\site-packages\django\contrib\auth\migrations\0001_initial.py first seen with mtime 1735923056.4253538
File D:\Python\Python\auto_auction\.venv\Lib\site-packages\django\contrib\sessions\backends\base.py first seen with mtime 1735923056.6914623
File D:\Python\Python\auto_auction\.venv\Lib\site-packages\django\contrib\auth\migrations\0010_alter_group_name_max_length.py first seen with mtime 1735923056.4253538
File D:\Python\Python\auto_auction\.venv\Lib\site-packages\django\contrib\auth\migrations\0002_alter_permission_name_max_length.py first seen with mtime 1735923056.4253538
File D:\Python\Python\auto_auction\server\wsgi.py first seen with mtime 1735923343.4447217
File D:\Python\Python\auto_auction\.venv\Lib\site-packages\django\contrib\admin\migrations\__init__.py first seen with mtime 1735923056.2769377
File D:\Python\Python\auto_auction\.venv\Lib\site-packages\django\contrib\auth\migrations\0003_alter_user_email_max_length.py first seen with mtime 1735923056.4253538
File D:\Python\Python\auto_auction\.venv\Lib\site-packages\django\contrib\sessions\backends\__init__.py first seen with mtime 1735923056.6914623
File D:\Python\Python\auto_auction\.venv\Lib\site-packages\django\contrib\admin\migrations\0001_initial.py first seen with mtime 1735923056.2769377
File D:\Python\Python\auto_auction\.venv\Lib\site-packages\django\views\csrf.py first seen with mtime 1735923056.8577273
File D:\Python\Python\auto_auction\.venv\Lib\site-packages\django\db\migrations\graph.py first seen with mtime 1735923056.8069372
File D:\Python\Python\auto_auction\auto_auction\migrations\0001_initial.py first seen with mtime 1736504420.2418337
File D:\Python\Python\auto_auction\.venv\Lib\site-packages\django\contrib\sessions\middleware.py first seen with mtime 1735923056.6912754
File D:\Python\Python\auto_auction\.venv\Lib\site-packages\django\db\migrations\recorder.py first seen with mtime 1735923056.8069372
File D:\Python\Python\auto_auction\.venv\Lib\site-packages\django\contrib\auth\migrations\0008_alter_user_username_max_length.py first seen with mtime 1735923056.4253538
File D:\Python\Python\auto_auction\.venv\Lib\site-packages\django\contrib\contenttypes\migrations\0002_remove_content_type_name.py first seen with mtime 1735923056.4593656
File D:\Python\Python\auto_auction\.venv\Lib\site-packages\django\db\migrations\executor.py first seen with mtime 1735923056.8069372
File D:\Python\Python\auto_auction\.venv\Lib\site-packages\django\contrib\auth\migrations\0009_alter_user_last_name_max_length.py first seen with mtime 1735923056.4253538
File D:\Python\Python\auto_auction\.venv\Lib\site-packages\django\contrib\sessions\backends\db.py first seen with mtime 1735923056.6914623
File D:\Python\Python\auto_auction\.venv\Lib\site-packages\django\contrib\auth\migrations\0012_alter_user_first_name_max_length.py first seen with mtime 1735923056.4253538
File D:\Python\Python\auto_auction\.venv\Lib\site-packages\django\contrib\auth\migrations\__init__.py first seen with mtime 1735923056.4253538
File D:\Python\Python\auto_auction\.venv\Lib\site-packages\django\contrib\auth\migrations\0007_alter_validators_add_error_messages.py first seen with mtime 1735923056.4253538
File D:\Python\Python\auto_auction\.venv\Lib\site-packages\django\middleware\clickjacking.py first seen with mtime 1735923056.8388982
File D:\Python\Python\auto_auction\.venv\Lib\site-packages\django\contrib\messages\middleware.py first seen with mtime 1735923056.6150079
File D:\Python\Python\auto_auction\.venv\Lib\site-packages\django\contrib\sessions\migrations\0001_initial.py first seen with mtime 1735923056.73372
File D:\Python\Python\auto_auction\.venv\Lib\site-packages\django\contrib\auth\migrations\0011_update_proxy_permissions.py first seen with mtime 1735923056.4253538
File D:\Python\Python\auto_auction\.venv\Lib\site-packages\django\contrib\sessions\migrations\__init__.py first seen with mtime 1735923056.73372
File D:\Python\Python\auto_auction\.venv\Lib\site-packages\django\middleware\common.py first seen with mtime 1735923056.8388982
File D:\Python\Python\auto_auction\.venv\Lib\site-packages\django\contrib\sessions\exceptions.py first seen with mtime 1735923056.6891441
File D:\Python\Python\auto_auction\.venv\Lib\site-packages\django\contrib\admin\migrations\0002_logentry_remove_auto_add.py first seen with mtime 1735923056.2769377
File D:\Python\Python\auto_auction\.venv\Lib\site-packages\django\contrib\auth\migrations\0004_alter_user_username_opts.py first seen with mtime 1735923056.4253538
File D:\Python\Python\auto_auction\.venv\Lib\site-packages\django\contrib\admin\migrations\0003_logentry_add_action_flag_choices.py first seen with mtime 1735923056.2769377
File D:\Python\Python\auto_auction\auto_auction\migrations\__init__.py first seen with mtime 1735923434.885871
File D:\Python\Python\auto_auction\.venv\Lib\site-packages\django\db\migrations\loader.py first seen with mtime 1735923056.8069372
File D:\Python\Python\auto_auction\.venv\Lib\site-packages\django\contrib\auth\migrations\0005_alter_user_last_login_null.py first seen with mtime 1735923056.4253538
File D:\Python\Python\auto_auction\.venv\Lib\site-packages\django\contrib\auth\migrations\0006_require_contenttypes_0002.py first seen with mtime 1735923056.4253538
File D:\Python\Python\auto_auction\.venv\Lib\site-packages\django\contrib\contenttypes\migrations\0001_initial.py first seen with mtime 1735923056.4593656
File D:\Python\Python\auto_auction\.venv\Lib\site-packages\django\db\models\sql\compiler.py first seen with mtime 1735923056.8175843
File D:\Python\Python\auto_auction\.venv\Lib\site-packages\django\contrib\contenttypes\migrations\__init__.py first seen with mtime 1735923056.4593656
Exception while resolving variable 'name' in template 'unknown'.
Traceback (most recent call last):
  File "D:\Python\Python\auto_auction\.venv\Lib\site-packages\django\core\handlers\exception.py", line 55, in inner
    response = get_response(request)
               ^^^^^^^^^^^^^^^^^^^^^
  File "D:\Python\Python\auto_auction\.venv\Lib\site-packages\django\core\handlers\base.py", line 181, in _get_response
    callback, callback_args, callback_kwargs = self.resolve_request(request)
                                               ^^^^^^^^^^^^^^^^^^^^^^^^^^^^^
  File "D:\Python\Python\auto_auction\.venv\Lib\site-packages\django\core\handlers\base.py", line 313, in resolve_request
    resolver_match = resolver.resolve(request.path_info)
                     ^^^^^^^^^^^^^^^^^^^^^^^^^^^^^^^^^^^
  File "D:\Python\Python\auto_auction\.venv\Lib\site-packages\django\urls\resolvers.py", line 722, in resolve
    raise Resolver404({"tried": tried, "path": new_path})
django.urls.exceptions.Resolver404: {'tried': [[<URLResolver <URLPattern list> (admin:admin) 'admin/'>], [<URLResolver <module 'auto_auction.urls' from 'D:\\Python\\Python\\auto_auction\\auto_auction\\urls.py'> (None:None) 'api/'>]], 'path': ''}

During handling of the above exception, another exception occurred:

Traceback (most recent call last):
  File "D:\Python\Python\auto_auction\.venv\Lib\site-packages\django\template\base.py", line 875, in _resolve_lookup
    current = current[bit]
              ~~~~~~~^^^^^
TypeError: 'URLResolver' object is not subscriptable

During handling of the above exception, another exception occurred:

Traceback (most recent call last):
  File "D:\Python\Python\auto_auction\.venv\Lib\site-packages\django\template\base.py", line 885, in _resolve_lookup
    current = getattr(current, bit)
              ^^^^^^^^^^^^^^^^^^^^^
AttributeError: 'URLResolver' object has no attribute 'name'

During handling of the above exception, another exception occurred:

Traceback (most recent call last):
  File "D:\Python\Python\auto_auction\.venv\Lib\site-packages\django\template\base.py", line 891, in _resolve_lookup
    current = current[int(bit)]
                      ^^^^^^^^
ValueError: invalid literal for int() with base 10: 'name'

During handling of the above exception, another exception occurred:

Traceback (most recent call last):
  File "D:\Python\Python\auto_auction\.venv\Lib\site-packages\django\template\base.py", line 898, in _resolve_lookup
    raise VariableDoesNotExist(
django.template.base.VariableDoesNotExist: Failed lookup for key [name] in <URLResolver <URLPattern list> (admin:admin) 'admin/'>
Exception while resolving variable 'name' in template 'unknown'.
Traceback (most recent call last):
  File "D:\Python\Python\auto_auction\.venv\Lib\site-packages\django\core\handlers\exception.py", line 55, in inner
    response = get_response(request)
               ^^^^^^^^^^^^^^^^^^^^^
  File "D:\Python\Python\auto_auction\.venv\Lib\site-packages\django\core\handlers\base.py", line 181, in _get_response
    callback, callback_args, callback_kwargs = self.resolve_request(request)
                                               ^^^^^^^^^^^^^^^^^^^^^^^^^^^^^
  File "D:\Python\Python\auto_auction\.venv\Lib\site-packages\django\core\handlers\base.py", line 313, in resolve_request
    resolver_match = resolver.resolve(request.path_info)
                     ^^^^^^^^^^^^^^^^^^^^^^^^^^^^^^^^^^^
  File "D:\Python\Python\auto_auction\.venv\Lib\site-packages\django\urls\resolvers.py", line 722, in resolve
    raise Resolver404({"tried": tried, "path": new_path})
django.urls.exceptions.Resolver404: {'tried': [[<URLResolver <URLPattern list> (admin:admin) 'admin/'>], [<URLResolver <module 'auto_auction.urls' from 'D:\\Python\\Python\\auto_auction\\auto_auction\\urls.py'> (None:None) 'api/'>]], 'path': ''}

During handling of the above exception, another exception occurred:

Traceback (most recent call last):
  File "D:\Python\Python\auto_auction\.venv\Lib\site-packages\django\template\base.py", line 875, in _resolve_lookup
    current = current[bit]
              ~~~~~~~^^^^^
TypeError: 'URLResolver' object is not subscriptable

During handling of the above exception, another exception occurred:

Traceback (most recent call last):
  File "D:\Python\Python\auto_auction\.venv\Lib\site-packages\django\template\base.py", line 885, in _resolve_lookup
    current = getattr(current, bit)
              ^^^^^^^^^^^^^^^^^^^^^
AttributeError: 'URLResolver' object has no attribute 'name'

During handling of the above exception, another exception occurred:

Traceback (most recent call last):
  File "D:\Python\Python\auto_auction\.venv\Lib\site-packages\django\template\base.py", line 891, in _resolve_lookup
    current = current[int(bit)]
                      ^^^^^^^^
ValueError: invalid literal for int() with base 10: 'name'

During handling of the above exception, another exception occurred:

Traceback (most recent call last):
  File "D:\Python\Python\auto_auction\.venv\Lib\site-packages\django\template\base.py", line 898, in _resolve_lookup
    raise VariableDoesNotExist(
django.template.base.VariableDoesNotExist: Failed lookup for key [name] in <URLResolver <module 'auto_auction.urls' from 'D:\\Python\\Python\\auto_auction\\auto_auction\\urls.py'> (None:None) 'api/'>
Not Found: /
"GET / HTTP/1.1" 404 2163
Exception while resolving variable 'name' in template 'unknown'.
Traceback (most recent call last):
  File "D:\Python\Python\auto_auction\.venv\Lib\site-packages\django\core\handlers\exception.py", line 55, in inner
    response = get_response(request)
               ^^^^^^^^^^^^^^^^^^^^^
  File "D:\Python\Python\auto_auction\.venv\Lib\site-packages\django\core\handlers\base.py", line 181, in _get_response
    callback, callback_args, callback_kwargs = self.resolve_request(request)
                                               ^^^^^^^^^^^^^^^^^^^^^^^^^^^^^
  File "D:\Python\Python\auto_auction\.venv\Lib\site-packages\django\core\handlers\base.py", line 313, in resolve_request
    resolver_match = resolver.resolve(request.path_info)
                     ^^^^^^^^^^^^^^^^^^^^^^^^^^^^^^^^^^^
  File "D:\Python\Python\auto_auction\.venv\Lib\site-packages\django\urls\resolvers.py", line 722, in resolve
    raise Resolver404({"tried": tried, "path": new_path})
django.urls.exceptions.Resolver404: {'tried': [[<URLResolver <URLPattern list> (admin:admin) 'admin/'>], [<URLResolver <module 'auto_auction.urls' from 'D:\\Python\\Python\\auto_auction\\auto_auction\\urls.py'> (None:None) 'api/'>]], 'path': 'favicon.ico'}

During handling of the above exception, another exception occurred:

Traceback (most recent call last):
  File "D:\Python\Python\auto_auction\.venv\Lib\site-packages\django\template\base.py", line 875, in _resolve_lookup
    current = current[bit]
              ~~~~~~~^^^^^
TypeError: 'URLResolver' object is not subscriptable

During handling of the above exception, another exception occurred:

Traceback (most recent call last):
  File "D:\Python\Python\auto_auction\.venv\Lib\site-packages\django\template\base.py", line 885, in _resolve_lookup
    current = getattr(current, bit)
              ^^^^^^^^^^^^^^^^^^^^^
AttributeError: 'URLResolver' object has no attribute 'name'

During handling of the above exception, another exception occurred:

Traceback (most recent call last):
  File "D:\Python\Python\auto_auction\.venv\Lib\site-packages\django\template\base.py", line 891, in _resolve_lookup
    current = current[int(bit)]
                      ^^^^^^^^
ValueError: invalid literal for int() with base 10: 'name'

During handling of the above exception, another exception occurred:

Traceback (most recent call last):
  File "D:\Python\Python\auto_auction\.venv\Lib\site-packages\django\template\base.py", line 898, in _resolve_lookup
    raise VariableDoesNotExist(
django.template.base.VariableDoesNotExist: Failed lookup for key [name] in <URLResolver <URLPattern list> (admin:admin) 'admin/'>
Exception while resolving variable 'name' in template 'unknown'.
Traceback (most recent call last):
  File "D:\Python\Python\auto_auction\.venv\Lib\site-packages\django\core\handlers\exception.py", line 55, in inner
    response = get_response(request)
               ^^^^^^^^^^^^^^^^^^^^^
  File "D:\Python\Python\auto_auction\.venv\Lib\site-packages\django\core\handlers\base.py", line 181, in _get_response
    callback, callback_args, callback_kwargs = self.resolve_request(request)
                                               ^^^^^^^^^^^^^^^^^^^^^^^^^^^^^
  File "D:\Python\Python\auto_auction\.venv\Lib\site-packages\django\core\handlers\base.py", line 313, in resolve_request
    resolver_match = resolver.resolve(request.path_info)
                     ^^^^^^^^^^^^^^^^^^^^^^^^^^^^^^^^^^^
  File "D:\Python\Python\auto_auction\.venv\Lib\site-packages\django\urls\resolvers.py", line 722, in resolve
    raise Resolver404({"tried": tried, "path": new_path})
django.urls.exceptions.Resolver404: {'tried': [[<URLResolver <URLPattern list> (admin:admin) 'admin/'>], [<URLResolver <module 'auto_auction.urls' from 'D:\\Python\\Python\\auto_auction\\auto_auction\\urls.py'> (None:None) 'api/'>]], 'path': 'favicon.ico'}

During handling of the above exception, another exception occurred:

Traceback (most recent call last):
  File "D:\Python\Python\auto_auction\.venv\Lib\site-packages\django\template\base.py", line 875, in _resolve_lookup
    current = current[bit]
              ~~~~~~~^^^^^
TypeError: 'URLResolver' object is not subscriptable

During handling of the above exception, another exception occurred:

Traceback (most recent call last):
  File "D:\Python\Python\auto_auction\.venv\Lib\site-packages\django\template\base.py", line 885, in _resolve_lookup
    current = getattr(current, bit)
              ^^^^^^^^^^^^^^^^^^^^^
AttributeError: 'URLResolver' object has no attribute 'name'

During handling of the above exception, another exception occurred:

Traceback (most recent call last):
  File "D:\Python\Python\auto_auction\.venv\Lib\site-packages\django\template\base.py", line 891, in _resolve_lookup
    current = current[int(bit)]
                      ^^^^^^^^
ValueError: invalid literal for int() with base 10: 'name'

During handling of the above exception, another exception occurred:

Traceback (most recent call last):
  File "D:\Python\Python\auto_auction\.venv\Lib\site-packages\django\template\base.py", line 898, in _resolve_lookup
    raise VariableDoesNotExist(
django.template.base.VariableDoesNotExist: Failed lookup for key [name] in <URLResolver <module 'auto_auction.urls' from 'D:\\Python\\Python\\auto_auction\\auto_auction\\urls.py'> (None:None) 'api/'>
Not Found: /favicon.ico
"GET /favicon.ico HTTP/1.1" 404 2214
File D:\Python\Python\auto_auction\.venv\Lib\site-packages\django\contrib\messages\storage\fallback.py first seen with mtime 1735923056.6150079
File D:\Python\Python\auto_auction\.venv\Lib\site-packages\django\contrib\messages\storage\session.py first seen with mtime 1735923056.617142
File D:\Python\Python\auto_auction\.venv\Lib\site-packages\django\contrib\messages\storage\cookie.py first seen with mtime 1735923056.6150079
File D:\Python\Python\auto_auction\.venv\Lib\site-packages\django\contrib\sessions\serializers.py first seen with mtime 1735923056.6914623
Exception while resolving variable 'name' in template 'unknown'.
Traceback (most recent call last):
  File "D:\Python\Python\auto_auction\.venv\Lib\site-packages\django\core\handlers\exception.py", line 55, in inner
    response = get_response(request)
               ^^^^^^^^^^^^^^^^^^^^^
  File "D:\Python\Python\auto_auction\.venv\Lib\site-packages\django\core\handlers\base.py", line 181, in _get_response
    callback, callback_args, callback_kwargs = self.resolve_request(request)
                                               ^^^^^^^^^^^^^^^^^^^^^^^^^^^^^
  File "D:\Python\Python\auto_auction\.venv\Lib\site-packages\django\core\handlers\base.py", line 313, in resolve_request
    resolver_match = resolver.resolve(request.path_info)
                     ^^^^^^^^^^^^^^^^^^^^^^^^^^^^^^^^^^^
  File "D:\Python\Python\auto_auction\.venv\Lib\site-packages\django\urls\resolvers.py", line 722, in resolve
    raise Resolver404({"tried": tried, "path": new_path})
django.urls.exceptions.Resolver404: {'tried': [[<URLResolver <URLPattern list> (admin:admin) 'admin/'>], [<URLResolver <module 'auto_auction.urls' from 'D:\\Python\\Python\\auto_auction\\auto_auction\\urls.py'> (None:None) 'api/'>, <URLPattern 'car-search/' [name='car-search']>], [<URLResolver <module 'auto_auction.urls' from 'D:\\Python\\Python\\auto_auction\\auto_auction\\urls.py'> (None:None) 'api/'>, <URLPattern 'user-registration/' [name='user-registration']>], [<URLResolver <module 'auto_auction.urls' from 'D:\\Python\\Python\\auto_auction\\auto_auction\\urls.py'> (None:None) 'api/'>, <URLPattern 'user-login/' [name='user-login']>]], 'path': 'api/'}

During handling of the above exception, another exception occurred:

Traceback (most recent call last):
  File "D:\Python\Python\auto_auction\.venv\Lib\site-packages\django\template\base.py", line 875, in _resolve_lookup
    current = current[bit]
              ~~~~~~~^^^^^
TypeError: 'URLResolver' object is not subscriptable

During handling of the above exception, another exception occurred:

Traceback (most recent call last):
  File "D:\Python\Python\auto_auction\.venv\Lib\site-packages\django\template\base.py", line 885, in _resolve_lookup
    current = getattr(current, bit)
              ^^^^^^^^^^^^^^^^^^^^^
AttributeError: 'URLResolver' object has no attribute 'name'

During handling of the above exception, another exception occurred:

Traceback (most recent call last):
  File "D:\Python\Python\auto_auction\.venv\Lib\site-packages\django\template\base.py", line 891, in _resolve_lookup
    current = current[int(bit)]
                      ^^^^^^^^
ValueError: invalid literal for int() with base 10: 'name'

During handling of the above exception, another exception occurred:

Traceback (most recent call last):
  File "D:\Python\Python\auto_auction\.venv\Lib\site-packages\django\template\base.py", line 898, in _resolve_lookup
    raise VariableDoesNotExist(
django.template.base.VariableDoesNotExist: Failed lookup for key [name] in <URLResolver <URLPattern list> (admin:admin) 'admin/'>
Not Found: /api/
"GET /api/ HTTP/1.1" 404 2646
Method Not Allowed: /api/user-login/
"GET /api/user-login/ HTTP/1.1" 405 5585
"GET /static/rest_framework/css/bootstrap.min.css HTTP/1.1" 304 0
"GET /static/rest_framework/css/prettify.css HTTP/1.1" 304 0
"GET /static/rest_framework/css/bootstrap-tweaks.css HTTP/1.1" 304 0
"GET /static/rest_framework/js/bootstrap.min.js HTTP/1.1" 304 0
"GET /static/rest_framework/js/default.js HTTP/1.1" 304 0
"GET /static/rest_framework/js/csrf.js HTTP/1.1" 304 0
"GET /static/rest_framework/js/load-ajax-form.js HTTP/1.1" 304 0
"GET /static/rest_framework/js/jquery-3.7.1.min.js HTTP/1.1" 304 0
"GET /static/rest_framework/css/default.css HTTP/1.1" 304 0
"GET /static/rest_framework/js/prettify-min.js HTTP/1.1" 304 0
"GET /static/rest_framework/js/ajax-form.js HTTP/1.1" 304 0
"GET /static/rest_framework/img/grid.png HTTP/1.1" 304 0
File D:\Python\Python\auto_auction\.venv\Lib\site-packages\django\contrib\auth\context_processors.py first seen with mtime 1735923056.374886
File D:\Python\Python\auto_auction\.venv\Lib\site-packages\django\conf\locale\en\formats.py first seen with mtime 1735923056.1103792
File D:\Python\Python\auto_auction\.venv\Lib\site-packages\django\conf\locale\en\__init__.py first seen with mtime 1735923056.1103792
File D:\Python\Python\auto_auction\.venv\Lib\site-packages\django\contrib\staticfiles\storage.py first seen with mtime 1735923056.7753012
File D:\Python\Python\auto_auction\.venv\Lib\site-packages\django\template\context_processors.py first seen with mtime 1735923056.8388982
File D:\Python\Python\auto_auction\.venv\Lib\site-packages\django\contrib\messages\context_processors.py first seen with mtime 1735923056.6150079
"OPTIONS /api/user-login/ HTTP/1.1" 200 5855
"OPTIONS /api/user-login/ HTTP/1.1" 200 5855
Bad Request: /api/user-login/
"POST /api/user-login/ HTTP/1.1" 400 5602
"OPTIONS /api/user-login/ HTTP/1.1" 200 5855
(0.016) INSERT INTO "auto_auction_feedback" ("user_id", "message", "created_at") VALUES (NULL, 'Наш опыт', '2025-01-12T21:56:13.185101+00:00'::timestamptz) RETURNING "auto_auction_feedback"."id"; args=(None, 'Наш опыт', datetime.datetime(2025, 1, 12, 21, 56, 13, 185101, tzinfo=datetime.timezone.utc)); alias=default
(0.016) INSERT INTO "auto_auction_feedback" ("user_id", "message", "created_at") VALUES (NULL, 'Обратная связь', '2025-01-13T05:04:17.514665+00:00'::timestamptz) RETURNING "auto_auction_feedback"."id"; args=(None, 'Обратная связь', datetime.datetime(2025, 1, 13, 5, 4, 17, 514665, tzinfo=datetime.timezone.utc)); alias=default
(0.015) INSERT INTO "auto_auction_feedback" ("user_id", "message", "created_at") VALUES (NULL, 'alik', '2025-01-13T08:47:58.678721+00:00'::timestamptz) RETURNING "auto_auction_feedback"."id"; args=(None, 'alik', datetime.datetime(2025, 1, 13, 8, 47, 58, 678721, tzinfo=datetime.timezone.utc)); alias=default
Watching for file changes with StatReloader
Waiting for apps ready_event.
Apps ready_event triggered. Sending autoreload_started signal.
Watching dir D:\Python\Python\auto_auction\.venv\Lib\site-packages\rest_framework\templates with glob **/*.
Watching dir D:\Python\Python\auto_auction\templates with glob **/*.
Watching dir D:\Python\Python\auto_auction\locale with glob **/*.mo.
Watching dir D:\Python\Python\auto_auction\.venv\Lib\site-packages\rest_framework\locale with glob **/*.mo.
Watching dir D:\Python\Python\auto_auction\auto_auction\locale with glob **/*.mo.
(0.016) 
            SELECT
                c.relname,
                CASE
                    WHEN c.relispartition THEN 'p'
                    WHEN c.relkind IN ('m', 'v') THEN 'v'
                    ELSE 't'
                END,
                obj_description(c.oid, 'pg_class')
            FROM pg_catalog.pg_class c
            LEFT JOIN pg_catalog.pg_namespace n ON n.oid = c.relnamespace
            WHERE c.relkind IN ('f', 'm', 'p', 'r', 'v')
                AND n.nspname NOT IN ('pg_catalog', 'pg_toast')
                AND pg_catalog.pg_table_is_visible(c.oid)
        ; args=None; alias=default
(0.000) SELECT "django_migrations"."id", "django_migrations"."app", "django_migrations"."name", "django_migrations"."applied" FROM "django_migrations"; args=(); alias=default
File D:\Python\Python\auto_auction\.venv\Lib\site-packages\django\contrib\staticfiles\handlers.py first seen with mtime 1735923056.7753012
File D:\Python\Python\auto_auction\.venv\Lib\site-packages\google\protobuf\internal\well_known_types.py first seen with mtime 1737702312.4193175
File D:\Python\Python\auto_auction\.venv\Lib\site-packages\django\db\models\functions\window.py first seen with mtime 1735923056.8175843
File D:\Python\Python\auto_auction\.venv\Lib\site-packages\pyasn1\type\error.py first seen with mtime 1737702312.3460011
File D:\Python\Python\auto_auction\.venv\Lib\site-packages\django\template\engine.py first seen with mtime 1735923056.8388982
File C:\Users\user\AppData\Local\Programs\Python\Python312\Lib\importlib\resources\abc.py first seen with mtime 1722960152.0
File D:\Python\Python\auto_auction\.venv\Lib\site-packages\django\db\backends\base\introspection.py first seen with mtime 1735923056.796448
File D:\Python\Python\auto_auction\.venv\Lib\site-packages\google\protobuf\any_pb2.py first seen with mtime 1737702312.4292812
File D:\Python\Python\auto_auction\.venv\Lib\site-packages\django\db\migrations\migration.py first seen with mtime 1735923056.8069372
File D:\Python\Python\auto_auction\.venv\Lib\site-packages\psycopg2\extras.py first seen with mtime 1735929203.467716
File D:\Python\Python\auto_auction\.venv\Lib\site-packages\rest_framework\utils\representation.py first seen with mtime 1736398257.4687626
File D:\Python\Python\auto_auction\.venv\Lib\site-packages\pyasn1\compat\integer.py first seen with mtime 1737702312.337797
File D:\Python\Python\auto_auction\.venv\Lib\site-packages\google\protobuf\internal\containers.py first seen with mtime 1737702312.4193175
File D:\Python\Python\auto_auction\.venv\Lib\site-packages\pyasn1\codec\cer\decoder.py first seen with mtime 1737702312.337797
File D:\Python\Python\auto_auction\.venv\Lib\site-packages\google\protobuf\internal\extension_dict.py first seen with mtime 1737702312.4193175
File D:\Python\Python\auto_auction\.venv\Lib\site-packages\sqlparse\engine\grouping.py first seen with mtime 1735923056.004196
File D:\Python\Python\auto_auction\.venv\Lib\site-packages\django\utils\timezone.py first seen with mtime 1735923056.8494086
File D:\Python\Python\auto_auction\.venv\Lib\site-packages\urllib3\util\url.py first seen with mtime 1735920684.4119742
File C:\Users\user\AppData\Local\Programs\Python\Python312\Lib\tokenize.py first seen with mtime 1722960152.0
File D:\Python\Python\auto_auction\.venv\Lib\site-packages\django\utils\hashable.py first seen with mtime 1735923056.8494086
File D:\Python\Python\auto_auction\.venv\Lib\site-packages\django\contrib\postgres\fields\array.py first seen with mtime 1735923056.6173246
File D:\Python\Python\auto_auction\.venv\Lib\site-packages\django\core\signing.py first seen with mtime 1735923056.7753012
File C:\Users\user\AppData\Local\Programs\Python\Python312\Lib\json\__init__.py first seen with mtime 1722960152.0
File D:\Python\Python\auto_auction\.venv\Lib\site-packages\django\template\__init__.py first seen with mtime 1735923056.8388982
File D:\Python\Python\auto_auction\.venv\Lib\site-packages\google\oauth2\_client.py first seen with mtime 1737702313.0479271
File C:\Users\user\AppData\Local\Programs\Python\Python312\Lib\traceback.py first seen with mtime 1722960152.0
File D:\Python\Python\auto_auction\.venv\Lib\site-packages\django\db\models\sql\constants.py first seen with mtime 1735923056.8175843
File D:\Python\Python\auto_auction\auto_auction\__init__.py first seen with mtime 1735923434.8771262
File D:\Python\Python\auto_auction\.venv\Lib\site-packages\django\core\files\move.py first seen with mtime 1735923056.7858033
File D:\Python\Python\auto_auction\.venv\Lib\site-packages\sqlparse\filters\__init__.py first seen with mtime 1735923056.004196
File D:\Python\Python\auto_auction\.venv\Lib\site-packages\idna\intranges.py first seen with mtime 1735920684.6452036
File D:\Python\Python\auto_auction\.venv\Lib\site-packages\google\cloud\secretmanager_v1\services\secret_manager_service\async_client.py first seen with mtime 1737702313.2421799
File C:\Users\user\AppData\Local\Programs\Python\Python312\Lib\importlib\resources\_legacy.py first seen with mtime 1722960152.0
File D:\Python\Python\auto_auction\.venv\Lib\site-packages\grpc_status\__init__.py first seen with mtime 1737702313.0223718
File C:\Users\user\AppData\Local\Programs\Python\Python312\DLLs\_uuid.pyd first seen with mtime 1722960196.0
File D:\Python\Python\auto_auction\.venv\Lib\site-packages\django\db\backends\postgresql\operations.py first seen with mtime 1735923056.8069372
File D:\Python\Python\auto_auction\.venv\Lib\site-packages\grpc\aio\_server.py first seen with mtime 1737702312.5990381
File D:\Python\Python\auto_auction\.venv\Lib\site-packages\urllib3\_request_methods.py first seen with mtime 1735920684.383857
File D:\Python\Python\auto_auction\.venv\Lib\site-packages\django\contrib\auth\tokens.py first seen with mtime 1735923056.374886
File D:\Python\Python\auto_auction\.venv\Lib\site-packages\django\contrib\auth\checks.py first seen with mtime 1735923056.374886
File D:\Python\Python\auto_auction\.venv\Lib\site-packages\django\utils\inspect.py first seen with mtime 1735923056.8494086
File D:\Python\Python\auto_auction\.venv\Lib\site-packages\requests\compat.py first seen with mtime 1735920684.7642784
File D:\Python\Python\auto_auction\.venv\Lib\site-packages\django\core\checks\__init__.py first seen with mtime 1735923056.783474
File D:\Python\Python\auto_auction\.venv\Lib\site-packages\google\auth\transport\mtls.py first seen with mtime 1737702313.0395381
File D:\Python\Python\auto_auction\.venv\Lib\site-packages\rest_framework\schemas\__init__.py first seen with mtime 1736398257.4530141
File C:\Users\user\AppData\Local\Programs\Python\Python312\Lib\unittest\suite.py first seen with mtime 1722960152.0
File D:\Python\Python\auto_auction\.venv\Lib\site-packages\requests\api.py first seen with mtime 1735920684.7642784
File D:\Python\Python\auto_auction\.venv\Lib\site-packages\rest_framework\templatetags\rest_framework.py first seen with mtime 1736398257.4687626
File D:\Python\Python\auto_auction\.venv\Lib\site-packages\google\api_core\gapic_v1\client_info.py first seen with mtime 1737702313.1655395
File C:\Users\user\AppData\Local\Programs\Python\Python312\Lib\calendar.py first seen with mtime 1722960150.0
File C:\Users\user\AppData\Local\Programs\Python\Python312\Lib\uuid.py first seen with mtime 1722960152.0
File D:\Python\Python\auto_auction\.venv\Lib\site-packages\django\views\defaults.py first seen with mtime 1735923056.8577273
File D:\Python\Python\auto_auction\.venv\Lib\site-packages\django\test\client.py first seen with mtime 1735923056.8470917
File D:\Python\Python\auto_auction\.venv\Lib\site-packages\pyasn1\error.py first seen with mtime 1737702312.337797
File D:\Python\Python\auto_auction\.venv\Lib\site-packages\rest_framework\utils\breadcrumbs.py first seen with mtime 1736398257.4687626
File D:\Python\Python\auto_auction\.venv\Lib\site-packages\rsa\pkcs1.py first seen with mtime 1737702312.7085388
File D:\Python\Python\auto_auction\.venv\Lib\site-packages\django\templatetags\cache.py first seen with mtime 1735923056.8470354
File C:\Users\user\AppData\Local\Programs\Python\Python312\Lib\secrets.py first seen with mtime 1722960152.0
File D:\Python\Python\auto_auction\.venv\Lib\site-packages\sqlparse\filters\others.py first seen with mtime 1735923056.004196
File C:\Users\user\AppData\Local\Programs\Python\Python312\Lib\re\__init__.py first seen with mtime 1722960152.0
File D:\Python\Python\auto_auction\.venv\Lib\site-packages\requests\utils.py first seen with mtime 1735920684.7642784
File D:\Python\Python\auto_auction\.venv\Lib\site-packages\django\utils\module_loading.py first seen with mtime 1735923056.8494086
File D:\Python\Python\auto_auction\.venv\Lib\site-packages\django\apps\__init__.py first seen with mtime 1735923056.0891273
File C:\Users\user\AppData\Local\Programs\Python\Python312\Lib\email\policy.py first seen with mtime 1722960150.0
File D:\Python\Python\auto_auction\.venv\Lib\site-packages\charset_normalizer\md__mypyc.cp312-win_amd64.pyd first seen with mtime 1735920684.717817
File C:\Users\user\AppData\Local\Programs\Python\Python312\Lib\encodings\__init__.py first seen with mtime 1722960150.0
File C:\Users\user\AppData\Local\Programs\Python\Python312\Lib\email\mime\text.py first seen with mtime 1722960150.0
File C:\Users\user\AppData\Local\Programs\Python\Python312\Lib\asyncio\base_tasks.py first seen with mtime 1722960150.0
File D:\Python\Python\auto_auction\.venv\Lib\site-packages\google\api_core\retry\retry_unary_async.py first seen with mtime 1737702313.1655395
File D:\Python\Python\auto_auction\.venv\Lib\site-packages\proto\marshal\__init__.py first seen with mtime 1737702312.9046054
File D:\Python\Python\auto_auction\.venv\Lib\site-packages\django\views\decorators\csrf.py first seen with mtime 1735923056.8600478
File C:\Users\user\AppData\Local\Programs\Python\Python312\Lib\asyncio\windows_events.py first seen with mtime 1722960150.0
File C:\Users\user\AppData\Local\Programs\Python\Python312\Lib\wsgiref\simple_server.py first seen with mtime 1722960152.0
File C:\Users\user\AppData\Local\Programs\Python\Python312\Lib\asyncio\windows_utils.py first seen with mtime 1722960150.0
File C:\Users\user\AppData\Local\Programs\Python\Python312\Lib\datetime.py first seen with mtime 1722960150.0
File D:\Python\Python\auto_auction\.venv\Lib\site-packages\google\protobuf\internal\python_message.py first seen with mtime 1737702312.4193175
File D:\Python\Python\auto_auction\.venv\Lib\site-packages\urllib3\response.py first seen with mtime 1735920684.4038143
File C:\Users\user\AppData\Local\Programs\Python\Python312\Lib\ctypes\_endian.py first seen with mtime 1722960150.0
File D:\Python\Python\auto_auction\.venv\Lib\site-packages\urllib3\__init__.py first seen with mtime 1735920684.383857
File D:\Python\Python\auto_auction\.venv\Lib\site-packages\rest_framework\reverse.py first seen with mtime 1736398257.4104695
File D:\Python\Python\auto_auction\.venv\Lib\site-packages\django\db\migrations\loader.py first seen with mtime 1735923056.8069372
File C:\Users\user\AppData\Local\Programs\Python\Python312\Lib\asyncio\__init__.py first seen with mtime 1722960150.0
File C:\Users\user\AppData\Local\Programs\Python\Python312\Lib\re\_casefix.py first seen with mtime 1722960152.0
File D:\Python\Python\auto_auction\.venv\Lib\site-packages\django\db\models\fields\files.py first seen with mtime 1735923056.8175843
File C:\Users\user\AppData\Local\Programs\Python\Python312\Lib\email\_encoded_words.py first seen with mtime 1722960150.0
File C:\Users\user\AppData\Local\Programs\Python\Python312\Lib\socket.py first seen with mtime 1722960152.0
File D:\Python\Python\auto_auction\.venv\Lib\site-packages\django\contrib\admin\apps.py first seen with mtime 1735923056.1716864
File C:\Users\user\AppData\Local\Programs\Python\Python312\Lib\csv.py first seen with mtime 1722960150.0
File D:\Python\Python\auto_auction\.venv\Lib\site-packages\django\db\backends\ddl_references.py first seen with mtime 1735923056.796448
File D:\Python\Python\auto_auction\.venv\Lib\site-packages\django\utils\crypto.py first seen with mtime 1735923056.8494086
File D:\Python\Python\auto_auction\.venv\Lib\site-packages\grpc\aio\_base_call.py first seen with mtime 1737702312.5990381
File D:\Python\Python\auto_auction\.venv\Lib\site-packages\django\core\serializers\base.py first seen with mtime 1735923056.796448
File D:\Python\Python\auto_auction\.venv\Lib\site-packages\django\contrib\messages\storage\__init__.py first seen with mtime 1735923056.6150079
File D:\Python\Python\auto_auction\.venv\Lib\site-packages\django\core\serializers\__init__.py first seen with mtime 1735923056.796448
File D:\Python\Python\auto_auction\.venv\Lib\site-packages\grpc\_runtime_protos.py first seen with mtime 1737702312.5411406
File D:\Python\Python\auto_auction\.venv\Lib\site-packages\django\core\files\storage\base.py first seen with mtime 1735923056.7858033
File D:\Python\Python\auto_auction\.venv\Lib\site-packages\google\auth\crypt\_python_rsa.py first seen with mtime 1737702313.0395381
File D:\Python\Python\auto_auction\server\urls.py first seen with mtime 1736504327.6614068
File C:\Users\user\AppData\Local\Programs\Python\Python312\DLLs\_queue.pyd first seen with mtime 1722960196.0
File D:\Python\Python\auto_auction\.venv\Lib\site-packages\django\dispatch\__init__.py first seen with mtime 1735923056.8175843
File D:\Python\Python\auto_auction\.venv\Lib\site-packages\django\db\models\sql\query.py first seen with mtime 1735923056.8175843
File C:\Users\user\AppData\Local\Programs\Python\Python312\Lib\email\headerregistry.py first seen with mtime 1722960150.0
File D:\Python\Python\auto_auction\.venv\Lib\site-packages\google\protobuf\pyext\__init__.py first seen with mtime 1737702312.4193175
File D:\Python\Python\auto_auction\.venv\Lib\site-packages\google\api_core\gapic_v1\config.py first seen with mtime 1737702313.1655395
File D:\Python\Python\auto_auction\.venv\Lib\site-packages\django\template\library.py first seen with mtime 1735923056.8388982
File D:\Python\Python\auto_auction\.venv\Lib\site-packages\django\template\smartif.py first seen with mtime 1735923056.8388982
File C:\Users\user\AppData\Local\Programs\Python\Python312\Lib\importlib\metadata\__init__.py first seen with mtime 1722960152.0
File D:\Python\Python\auto_auction\.venv\Lib\site-packages\django\db\models\__init__.py first seen with mtime 1735923056.8069372
File D:\Python\Python\auto_auction\.venv\Lib\site-packages\django\contrib\auth\forms.py first seen with mtime 1735923056.374886
File D:\Python\Python\auto_auction\.venv\Lib\site-packages\django\template\loaders\__init__.py first seen with mtime 1735923056.8388982
File D:\Python\Python\auto_auction\.venv\Lib\site-packages\google\api_core\retry\retry_base.py first seen with mtime 1737702313.1655395
File D:\Python\Python\auto_auction\.venv\Lib\site-packages\django\db\models\query_utils.py first seen with mtime 1735923056.8175843
File D:\Python\Python\auto_auction\.venv\Lib\site-packages\urllib3\util\retry.py first seen with mtime 1735920684.4038143
File D:\Python\Python\auto_auction\.venv\Lib\site-packages\asgiref\current_thread_executor.py first seen with mtime 1735923056.0544808
File D:\Python\Python\auto_auction\.venv\Lib\site-packages\urllib3\util\__init__.py first seen with mtime 1735920684.4038143
File D:\Python\Python\auto_auction\.venv\Lib\site-packages\grpc\aio\_base_channel.py first seen with mtime 1737702312.5990381
File D:\Python\Python\auto_auction\.venv\Lib\site-packages\rsa\prime.py first seen with mtime 1737702312.7085388
File D:\Python\Python\auto_auction\.venv\Lib\site-packages\django\core\cache\__init__.py first seen with mtime 1735923056.7753012
File D:\Python\Python\auto_auction\.venv\Lib\site-packages\django\db\backends\postgresql\client.py first seen with mtime 1735923056.8069372
File D:\Python\Python\auto_auction\.venv\Lib\site-packages\google\auth\transport\_http_client.py first seen with mtime 1737702313.0395381
File D:\Python\Python\auto_auction\.venv\Lib\site-packages\google\auth\transport\grpc.py first seen with mtime 1737702313.0395381
File D:\Python\Python\auto_auction\.venv\Lib\site-packages\urllib3\_collections.py first seen with mtime 1735920684.383857
File D:\Python\Python\auto_auction\.venv\Lib\site-packages\urllib3\util\wait.py first seen with mtime 1735920684.4119742
File C:\Users\user\AppData\Local\Programs\Python\Python312\Lib\importlib\__init__.py first seen with mtime 1722960152.0
File D:\Python\Python\auto_auction\.venv\Lib\site-packages\psycopg2\_psycopg.cp312-win_amd64.pyd first seen with mtime 1735929203.4632487
File D:\Python\Python\auto_auction\.venv\Lib\site-packages\django\contrib\admin\options.py first seen with mtime 1735923056.1841762
File D:\Python\Python\auto_auction\.venv\Lib\site-packages\rest_framework\utils\urls.py first seen with mtime 1736398257.4687626
File C:\Users\user\AppData\Local\Programs\Python\Python312\Lib\http\cookiejar.py first seen with mtime 1722960150.0
File D:\Python\Python\auto_auction\.venv\Lib\site-packages\django\core\cache\utils.py first seen with mtime 1735923056.7753012
File D:\Python\Python\auto_auction\.venv\Lib\site-packages\django\db\backends\postgresql\psycopg_any.py first seen with mtime 1735923056.8069372
File C:\Users\user\AppData\Local\Programs\Python\Python312\Lib\email\quoprimime.py first seen with mtime 1722960150.0
File C:\Users\user\AppData\Local\Programs\Python\Python312\Lib\encodings\utf_8.py first seen with mtime 1722960150.0
File D:\Python\Python\auto_auction\.venv\Lib\site-packages\google\protobuf\runtime_version.py first seen with mtime 1737702312.4193175
File D:\Python\Python\auto_auction\.venv\Lib\site-packages\django\contrib\auth\backends.py first seen with mtime 1735923056.374886
File D:\Python\Python\auto_auction\.venv\Lib\site-packages\grpc\experimental\__init__.py first seen with mtime 1737702312.5990381
File D:\Python\Python\auto_auction\.venv\Lib\site-packages\requests\_internal_utils.py first seen with mtime 1735920684.7642784
File D:\Python\Python\auto_auction\.venv\Lib\site-packages\django\forms\boundfield.py first seen with mtime 1735923056.8175843
File D:\Python\Python\auto_auction\.venv\Lib\site-packages\django\db\backends\base\__init__.py first seen with mtime 1735923056.796448
File D:\Python\Python\auto_auction\.venv\Lib\site-packages\django\core\checks\compatibility\__init__.py first seen with mtime 1735923056.7858033
File C:\Users\user\AppData\Local\Programs\Python\Python312\Lib\lzma.py first seen with mtime 1722960152.0
File D:\Python\Python\auto_auction\.venv\Lib\site-packages\django\contrib\admin\__init__.py first seen with mtime 1735923056.1716864
File D:\Python\Python\auto_auction\.venv\Lib\site-packages\django\core\serializers\python.py first seen with mtime 1735923056.796448
File C:\Users\user\AppData\Local\Programs\Python\Python312\Lib\email\mime\__init__.py first seen with mtime 1722960150.0
File C:\Users\user\AppData\Local\Programs\Python\Python312\Lib\logging\config.py first seen with mtime 1722960152.0
File D:\Python\Python\auto_auction\.venv\Lib\site-packages\django\db\models\aggregates.py first seen with mtime 1735923056.8069372
File D:\Python\Python\auto_auction\.venv\Lib\site-packages\pyasn1\type\base.py first seen with mtime 1737702312.337797
File D:\Python\Python\auto_auction\.venv\Lib\site-packages\django\contrib\postgres\fields\hstore.py first seen with mtime 1735923056.6173246
File D:\Python\Python\auto_auction\.venv\Lib\site-packages\google\protobuf\internal\builder.py first seen with mtime 1737702312.4193175
File D:\Python\Python\auto_auction\.venv\Lib\site-packages\google\api_core\gapic_v1\method.py first seen with mtime 1737702313.1655395
File C:\Users\user\AppData\Local\Programs\Python\Python312\Lib\asyncio\runners.py first seen with mtime 1722960150.0
File D:\Python\Python\auto_auction\.venv\Lib\site-packages\django\contrib\admin\actions.py first seen with mtime 1735923056.1716864
File D:\Python\Python\auto_auction\.venv\Lib\site-packages\django\contrib\postgres\fields\jsonb.py first seen with mtime 1735923056.6173246
File D:\Python\Python\auto_auction\.venv\Lib\site-packages\django\core\validators.py first seen with mtime 1735923056.7753012
File C:\Users\user\AppData\Local\Programs\Python\Python312\Lib\importlib\metadata\_itertools.py first seen with mtime 1722960152.0
File D:\Python\Python\auto_auction\.venv\Lib\site-packages\sqlparse\formatter.py first seen with mtime 1735923056.004196
File D:\Python\Python\auto_auction\.venv\Lib\site-packages\django\db\backends\postgresql\base.py first seen with mtime 1735923056.8069372
File D:\Python\Python\auto_auction\.venv\Lib\site-packages\google\auth\credentials.py first seen with mtime 1737702313.0395381
File D:\Python\Python\auto_auction\.venv\Lib\site-packages\pyasn1\compat\__init__.py first seen with mtime 1737702312.337797
File D:\Python\Python\auto_auction\.venv\Lib\site-packages\pyasn1\type\char.py first seen with mtime 1737702312.337797
File D:\Python\Python\auto_auction\.venv\Lib\site-packages\django\utils\datastructures.py first seen with mtime 1735923056.8494086
File D:\Python\Python\auto_auction\.venv\Lib\site-packages\django\http\__init__.py first seen with mtime 1735923056.8388982
File D:\Python\Python\auto_auction\.venv\Lib\site-packages\django\contrib\contenttypes\apps.py first seen with mtime 1735923056.4277024
File D:\Python\Python\auto_auction\.venv\Lib\site-packages\django\template\backends\__init__.py first seen with mtime 1735923056.8388982
File C:\Users\user\AppData\Local\Programs\Python\Python312\Lib\json\decoder.py first seen with mtime 1722960152.0
File C:\Users\user\AppData\Local\Programs\Python\Python312\Lib\nturl2path.py first seen with mtime 1722960152.0
File D:\Python\Python\auto_auction\.venv\Lib\site-packages\django\db\backends\__init__.py first seen with mtime 1735923056.796448
File C:\Users\user\AppData\Local\Programs\Python\Python312\Lib\html\parser.py first seen with mtime 1722960150.0
File D:\Python\Python\auto_auction\.venv\Lib\site-packages\django\db\models\fields\mixins.py first seen with mtime 1735923056.8175843
File C:\Users\user\AppData\Local\Programs\Python\Python312\Lib\email\iterators.py first seen with mtime 1722960150.0
File D:\Python\Python\auto_auction\.venv\Lib\site-packages\google\auth\metrics.py first seen with mtime 1737702313.0395381
File C:\Users\user\AppData\Local\Programs\Python\Python312\DLLs\_asyncio.pyd first seen with mtime 1722960196.0
File C:\Users\user\AppData\Local\Programs\Python\Python312\Lib\ast.py first seen with mtime 1722960150.0
File D:\Python\Python\auto_auction\.venv\Lib\site-packages\django\contrib\contenttypes\views.py first seen with mtime 1735923056.4277024
File D:\Python\Python\auto_auction\.venv\Lib\site-packages\grpc\_simple_stubs.py first seen with mtime 1737702312.5411406
File C:\Users\user\AppData\Local\Programs\Python\Python312\Lib\json\scanner.py first seen with mtime 1722960152.0
File D:\Python\Python\auto_auction\.venv\Lib\site-packages\django\views\decorators\common.py first seen with mtime 1735923056.8600478
File D:\Python\Python\auto_auction\.venv\Lib\site-packages\django\utils\formats.py first seen with mtime 1735923056.8494086
File C:\Users\user\AppData\Local\Programs\Python\Python312\Lib\email\encoders.py first seen with mtime 1722960150.0
File D:\Python\Python\auto_auction\.venv\Lib\site-packages\django\db\models\signals.py first seen with mtime 1735923056.8175843
File D:\Python\Python\auto_auction\.venv\Lib\site-packages\proto\_file_info.py first seen with mtime 1737702312.9046054
File D:\Python\Python\auto_auction\.venv\Lib\site-packages\google\protobuf\internal\python_edition_defaults.py first seen with mtime 1737702312.4193175
File D:\Python\Python\auto_auction\.venv\Lib\site-packages\django\urls\converters.py first seen with mtime 1735923056.8494086
File D:\Python\Python\auto_auction\.venv\Lib\site-packages\django\contrib\staticfiles\checks.py first seen with mtime 1735923056.7753012
File D:\Python\Python\auto_auction\.venv\Lib\site-packages\django\views\generic\__init__.py first seen with mtime 1735923056.8600478
File D:\Python\Python\auto_auction\.venv\Lib\site-packages\django\core\management\sql.py first seen with mtime 1735923056.7858033
File C:\Users\user\AppData\Local\Programs\Python\Python312\Lib\email\_parseaddr.py first seen with mtime 1722960150.0
File D:\Python\Python\auto_auction\.venv\Lib\site-packages\grpc_status\_common.py first seen with mtime 1737702313.0223718
File D:\Python\Python\auto_auction\.venv\Lib\site-packages\django\db\models\options.py first seen with mtime 1735923056.8175843
File D:\Python\Python\auto_auction\.venv\Lib\site-packages\sqlparse\cli.py first seen with mtime 1735923056.004196
File D:\Python\Python\auto_auction\.venv\Lib\site-packages\django\contrib\staticfiles\management\__init__.py first seen with mtime 1735923056.7753012
File D:\Python\Python\auto_auction\.venv\Lib\site-packages\rest_framework\compat.py first seen with mtime 1736398257.4104695
File D:\Python\Python\auto_auction\.venv\Lib\site-packages\google\api_core\retry\retry_unary.py first seen with mtime 1737702313.1655395
File C:\Users\user\AppData\Local\Programs\Python\Python312\Lib\encodings\cp1251.py first seen with mtime 1722960150.0
File D:\Python\Python\auto_auction\.venv\Lib\site-packages\django\core\exceptions.py first seen with mtime 1735923056.7753012
File D:\Python\Python\auto_auction\.venv\Lib\site-packages\django\contrib\auth\apps.py first seen with mtime 1735923056.374886
File D:\Python\Python\auto_auction\.venv\Lib\site-packages\django\db\models\manager.py first seen with mtime 1735923056.815266
File C:\Users\user\AppData\Local\Programs\Python\Python312\Lib\email\header.py first seen with mtime 1722960150.0
File D:\Python\Python\auto_auction\.venv\Lib\site-packages\django\db\migrations\__init__.py first seen with mtime 1735923056.8069372
File D:\Python\Python\auto_auction\.venv\Lib\site-packages\charset_normalizer\__init__.py first seen with mtime 1735920684.7096403
File D:\Python\Python\auto_auction\.venv\Lib\site-packages\django\contrib\postgres\search.py first seen with mtime 1735923056.6173246
File D:\Python\Python\auto_auction\.venv\Lib\site-packages\django\core\cache\backends\__init__.py first seen with mtime 1735923056.7753012
File D:\Python\Python\auto_auction\.venv\Lib\site-packages\urllib3\poolmanager.py first seen with mtime 1735920684.4038143
File D:\Python\Python\auto_auction\.venv\Lib\site-packages\django\contrib\postgres\validators.py first seen with mtime 1735923056.6173246
File C:\Users\user\AppData\Local\Programs\Python\Python312\Lib\reprlib.py first seen with mtime 1722960152.0
File D:\Python\Python\auto_auction\.venv\Lib\site-packages\django\core\cache\backends\base.py first seen with mtime 1735923056.783474
File C:\Users\user\AppData\Local\Programs\Python\Python312\Lib\html\__init__.py first seen with mtime 1722960150.0
File D:\Python\Python\auto_auction\.venv\Lib\site-packages\django\utils\version.py first seen with mtime 1735923056.8577273
File D:\Python\Python\auto_auction\.venv\Lib\site-packages\asgiref\__init__.py first seen with mtime 1735923056.046345
File D:\Python\Python\auto_auction\.venv\Lib\site-packages\django\contrib\staticfiles\apps.py first seen with mtime 1735923056.7753012
File C:\Users\user\AppData\Local\Programs\Python\Python312\Lib\shutil.py first seen with mtime 1722960152.0
File C:\Users\user\AppData\Local\Programs\Python\Python312\Lib\sysconfig.py first seen with mtime 1722960152.0
File D:\Python\Python\auto_auction\.venv\Lib\site-packages\django\db\backends\base\base.py first seen with mtime 1735923056.796448
File D:\Python\Python\auto_auction\.venv\Lib\site-packages\django\db\migrations\utils.py first seen with mtime 1735923056.8069372
File D:\Python\Python\auto_auction\.venv\Lib\site-packages\rsa\randnum.py first seen with mtime 1737702312.7085388
File C:\Users\user\AppData\Local\Programs\Python\Python312\Lib\copy.py first seen with mtime 1722960150.0
File D:\Python\Python\auto_auction\.venv\Lib\site-packages\rsa\transform.py first seen with mtime 1737702312.7085388
File D:\Python\Python\auto_auction\.venv\Lib\site-packages\pyasn1_modules\__init__.py first seen with mtime 1737702312.7330272
File D:\Python\Python\auto_auction\.venv\Lib\site-packages\sqlparse\engine\statement_splitter.py first seen with mtime 1735923056.004196
File C:\Users\user\AppData\Local\Programs\Python\Python312\Lib\__future__.py first seen with mtime 1722960150.0
File D:\Python\Python\auto_auction\.venv\Lib\site-packages\django\db\models\fields\__init__.py first seen with mtime 1735923056.8175843
File D:\Python\Python\auto_auction\.venv\Lib\site-packages\proto\marshal\rules\dates.py first seen with mtime 1737702312.9046054
File D:\Python\Python\auto_auction\.venv\Lib\site-packages\google\auth\transport\_mtls_helper.py first seen with mtime 1737702313.0395381
File C:\Users\user\AppData\Local\Programs\Python\Python312\Lib\unittest\main.py first seen with mtime 1722960152.0
File D:\Python\Python\auto_auction\.venv\Lib\site-packages\django\core\files\storage\handler.py first seen with mtime 1735923056.7858033
File D:\Python\Python\auto_auction\.venv\Lib\site-packages\django\db\backends\base\validation.py first seen with mtime 1735923056.796448
File D:\Python\Python\auto_auction\.venv\Lib\site-packages\django\core\files\uploadedfile.py first seen with mtime 1735923056.7858033
File C:\Users\user\AppData\Local\Programs\Python\Python312\Lib\unittest\loader.py first seen with mtime 1722960152.0
File C:\Users\user\AppData\Local\Programs\Python\Python312\Lib\re\_parser.py first seen with mtime 1722960152.0
File D:\Python\Python\auto_auction\.venv\Lib\site-packages\django\contrib\contenttypes\__init__.py first seen with mtime 1735923056.4274924
File D:\Python\Python\auto_auction\.venv\Lib\site-packages\google\protobuf\text_encoding.py first seen with mtime 1737702312.4275832
File D:\Python\Python\auto_auction\.venv\Lib\site-packages\pyasn1\type\tagmap.py first seen with mtime 1737702312.3460011
File D:\Python\Python\auto_auction\.venv\Lib\site-packages\django\core\management\__init__.py first seen with mtime 1735923056.7858033
File D:\Python\Python\auto_auction\.venv\Lib\site-packages\django\utils\_os.py first seen with mtime 1735923056.8494086
File D:\Python\Python\auto_auction\.venv\Lib\site-packages\django\core\files\storage\mixins.py first seen with mtime 1735923056.7858033
File C:\Users\user\AppData\Local\Programs\Python\Python312\Lib\weakref.py first seen with mtime 1722960152.0
File D:\Python\Python\auto_auction\.venv\Lib\site-packages\rest_framework\exceptions.py first seen with mtime 1736398257.4104695
File C:\Users\user\AppData\Local\Programs\Python\Python312\Lib\ipaddress.py first seen with mtime 1722960152.0
File D:\Python\Python\auto_auction\.venv\Lib\site-packages\google\protobuf\descriptor_pool.py first seen with mtime 1737702312.4193175
File D:\Python\Python\auto_auction\.venv\Lib\site-packages\django\utils\deconstruct.py first seen with mtime 1735923056.8494086
File D:\Python\Python\auto_auction\.venv\Lib\site-packages\django\utils\choices.py first seen with mtime 1735923056.8494086
File C:\Users\user\AppData\Local\Programs\Python\Python312\DLLs\_decimal.pyd first seen with mtime 1722960196.0
File C:\Users\user\AppData\Local\Programs\Python\Python312\DLLs\unicodedata.pyd first seen with mtime 1722960196.0
File C:\Users\user\AppData\Local\Programs\Python\Python312\Lib\urllib\request.py first seen with mtime 1722960152.0
File D:\Python\Python\auto_auction\.venv\Lib\site-packages\django\db\migrations\operations\base.py first seen with mtime 1735923056.8069372
File C:\Users\user\AppData\Local\Programs\Python\Python312\Lib\re\_compiler.py first seen with mtime 1722960152.0
File D:\Python\Python\auto_auction\.venv\Lib\site-packages\dotenv\variables.py first seen with mtime 1735929953.9052575
File D:\Python\Python\auto_auction\.venv\Lib\site-packages\django\contrib\auth\password_validation.py first seen with mtime 1735923056.374886
File D:\Python\Python\auto_auction\.venv\Lib\site-packages\django\db\backends\base\features.py first seen with mtime 1735923056.796448
File D:\Python\Python\auto_auction\.venv\Lib\site-packages\proto\marshal\rules\field_mask.py first seen with mtime 1737702312.9046054
File C:\Users\user\AppData\Local\Programs\Python\Python312\Lib\base64.py first seen with mtime 1722960150.0
File D:\Python\Python\auto_auction\.venv\Lib\site-packages\sqlparse\filters\aligned_indent.py first seen with mtime 1735923056.004196
File D:\Python\Python\auto_auction\.venv\Lib\site-packages\django\template\defaultfilters.py first seen with mtime 1735923056.8388982
File D:\Python\Python\auto_auction\.venv\Lib\site-packages\django\utils\encoding.py first seen with mtime 1735923056.8494086
File D:\Python\Python\auto_auction\.venv\Lib\site-packages\django\contrib\contenttypes\management\__init__.py first seen with mtime 1735923056.4593656
File D:\Python\Python\auto_auction\.venv\Lib\site-packages\requests\cookies.py first seen with mtime 1735920684.7642784
File D:\Python\Python\auto_auction\.venv\Lib\site-packages\idna\core.py first seen with mtime 1735920684.6370163
File D:\Python\Python\auto_auction\.venv\Lib\site-packages\proto\marshal\collections\maps.py first seen with mtime 1737702312.9046054
File D:\Python\Python\auto_auction\.venv\Lib\site-packages\django\views\generic\edit.py first seen with mtime 1735923056.8600478
File C:\Users\user\AppData\Local\Programs\Python\Python312\Lib\operator.py first seen with mtime 1722960152.0
File D:\Python\Python\auto_auction\.venv\Lib\site-packages\django\apps\config.py first seen with mtime 1735923056.0891273
File D:\Python\Python\auto_auction\.venv\Lib\site-packages\google\protobuf\internal\__init__.py first seen with mtime 1737702312.4193175
File D:\Python\Python\auto_auction\.venv\Lib\site-packages\django\http\response.py first seen with mtime 1735923056.8388982
File D:\Python\Python\auto_auction\.venv\Lib\site-packages\django\contrib\staticfiles\utils.py first seen with mtime 1735923056.7753012
File D:\Python\Python\auto_auction\.venv\Lib\site-packages\django\template\response.py first seen with mtime 1735923056.8388982
File D:\Python\Python\auto_auction\.venv\Lib\site-packages\google\rpc\error_details_pb2.py first seen with mtime 1737702312.972972
File D:\Python\Python\auto_auction\.venv\Lib\site-packages\idna\__init__.py first seen with mtime 1735920684.6370163
File C:\Users\user\AppData\Local\Programs\Python\Python312\Lib\inspect.py first seen with mtime 1722960152.0
File D:\Python\Python\auto_auction\.venv\Lib\site-packages\google\cloud\secretmanager_v1\types\__init__.py first seen with mtime 1737702313.2421799
File D:\Python\Python\auto_auction\.venv\Lib\site-packages\grpc\aio\_channel.py first seen with mtime 1737702312.5990381
File D:\Python\Python\auto_auction\.venv\Lib\site-packages\django\contrib\admin\views\autocomplete.py first seen with mtime 1735923056.3112838
File C:\Users\user\AppData\Local\Programs\Python\Python312\Lib\warnings.py first seen with mtime 1722960152.0
File D:\Python\Python\auto_auction\.venv\Lib\site-packages\django\http\cookie.py first seen with mtime 1735923056.8388982
File C:\Users\user\AppData\Local\Programs\Python\Python312\Lib\dis.py first seen with mtime 1722960150.0
File D:\Python\Python\auto_auction\.venv\Lib\site-packages\google\auth\_default.py first seen with mtime 1737702313.0314977
File D:\Python\Python\auto_auction\.venv\Lib\site-packages\django\core\files\utils.py first seen with mtime 1735923056.7858033
File D:\Python\Python\auto_auction\.venv\Lib\site-packages\rest_framework\utils\encoders.py first seen with mtime 1736398257.4687626
File D:\Python\Python\auto_auction\.venv\Lib\site-packages\urllib3\util\ssltransport.py first seen with mtime 1735920684.4118686
File D:\Python\Python\auto_auction\.venv\Lib\site-packages\grpc\aio\_typing.py first seen with mtime 1737702312.5990381
File D:\Python\Python\auto_auction\.venv\Lib\site-packages\django\template\backends\django.py first seen with mtime 1735923056.8388982
File D:\Python\Python\auto_auction\.venv\Lib\site-packages\django\contrib\admin\views\__init__.py first seen with mtime 1735923056.3112838
File D:\Python\Python\auto_auction\.venv\Lib\site-packages\urllib3\connection.py first seen with mtime 1735920684.383857
File D:\Python\Python\auto_auction\.venv\Lib\site-packages\django\views\generic\base.py first seen with mtime 1735923056.8600478
File D:\Python\Python\auto_auction\.venv\Lib\site-packages\google\protobuf\internal\field_mask.py first seen with mtime 1737702312.4193175
File D:\Python\Python\auto_auction\.venv\Lib\site-packages\google\api_core\gapic_v1\__init__.py first seen with mtime 1737702313.1655395
File D:\Python\Python\auto_auction\.venv\Lib\site-packages\grpc\aio\_call.py first seen with mtime 1737702312.5990381
File D:\Python\Python\auto_auction\.venv\Lib\site-packages\django\core\servers\basehttp.py first seen with mtime 1735923056.796448
File C:\Users\user\AppData\Local\Programs\Python\Python312\Lib\selectors.py first seen with mtime 1722960152.0
File D:\Python\Python\auto_auction\.venv\Lib\site-packages\pyasn1\codec\der\decoder.py first seen with mtime 1737702312.337797
File D:\Python\Python\auto_auction\.venv\Lib\site-packages\charset_normalizer\legacy.py first seen with mtime 1735920684.7096403
File C:\Users\user\AppData\Local\Programs\Python\Python312\Lib\encodings\raw_unicode_escape.py first seen with mtime 1722960150.0
File C:\Users\user\AppData\Local\Programs\Python\Python312\Lib\asyncio\futures.py first seen with mtime 1722960150.0
File D:\Python\Python\auto_auction\.venv\Lib\site-packages\proto\primitives.py first seen with mtime 1737702312.9046054
File D:\Python\Python\auto_auction\.venv\Lib\site-packages\django\db\backends\postgresql\features.py first seen with mtime 1735923056.8069372
File D:\Python\Python\auto_auction\.venv\Lib\site-packages\django\urls\resolvers.py first seen with mtime 1735923056.8494086
File D:\Python\Python\auto_auction\.venv\Lib\site-packages\rest_framework\utils\__init__.py first seen with mtime 1736398257.4687626
File C:\Users\user\AppData\Local\Programs\Python\Python312\Lib\asyncio\format_helpers.py first seen with mtime 1722960150.0
File C:\Users\user\AppData\Local\Programs\Python\Python312\Lib\http\cookies.py first seen with mtime 1722960150.0
File C:\Users\user\AppData\Local\Programs\Python\Python312\Lib\token.py first seen with mtime 1722960152.0
File C:\Users\user\AppData\Local\Programs\Python\Python312\Lib\email\mime\base.py first seen with mtime 1722960150.0
File C:\Users\user\AppData\Local\Programs\Python\Python312\Lib\contextvars.py first seen with mtime 1722960150.0
File D:\Python\Python\auto_auction\.venv\Lib\site-packages\django\core\files\storage\filesystem.py first seen with mtime 1735923056.7858033
File D:\Python\Python\auto_auction\.venv\Lib\site-packages\requests\structures.py first seen with mtime 1735920684.7642784
File D:\Python\Python\auto_auction\.venv\Lib\site-packages\django\core\files\__init__.py first seen with mtime 1735923056.7858033
File D:\Python\Python\auto_auction\.venv\Lib\site-packages\django\contrib\staticfiles\finders.py first seen with mtime 1735923056.7753012
File D:\Python\Python\auto_auction\.venv\Lib\site-packages\django\core\checks\files.py first seen with mtime 1735923056.783474
File C:\Users\user\AppData\Local\Programs\Python\Python312\Lib\fnmatch.py first seen with mtime 1722960150.0
File D:\Python\Python\auto_auction\.venv\Lib\site-packages\google\protobuf\duration_pb2.py first seen with mtime 1737702312.4292812
File D:\Python\Python\auto_auction\auto_auction\apps.py first seen with mtime 1736504020.6934638
File C:\Users\user\AppData\Local\Programs\Python\Python312\Lib\email\mime\multipart.py first seen with mtime 1722960150.0
File C:\Users\user\AppData\Local\Programs\Python\Python312\Lib\typing.py first seen with mtime 1722960152.0
File D:\Python\Python\auto_auction\.venv\Lib\site-packages\django\core\handlers\asgi.py first seen with mtime 1735923056.7858033
File D:\Python\Python\auto_auction\.venv\Lib\site-packages\proto\enums.py first seen with mtime 1737702312.9046054
File C:\Users\user\AppData\Local\Programs\Python\Python312\Lib\ctypes\wintypes.py first seen with mtime 1722960150.0
File D:\Python\Python\auto_auction\.venv\Lib\site-packages\google\auth\environment_vars.py first seen with mtime 1737702313.0395381
File D:\Python\Python\auto_auction\.venv\Lib\site-packages\google\protobuf\unknown_fields.py first seen with mtime 1737702312.428723
File C:\Users\user\AppData\Local\Programs\Python\Python312\Lib\xml\dom\minicompat.py first seen with mtime 1722960152.0
File C:\Users\user\AppData\Local\Programs\Python\Python312\Lib\glob.py first seen with mtime 1722960150.0
File C:\Users\user\AppData\Local\Programs\Python\Python312\Lib\logging\handlers.py first seen with mtime 1722960152.0
File D:\Python\Python\auto_auction\.venv\Lib\site-packages\django\core\cache\backends\filebased.py first seen with mtime 1735923056.783474
File C:\Users\user\AppData\Local\Programs\Python\Python312\Lib\unittest\result.py first seen with mtime 1722960152.0
File D:\Python\Python\auto_auction\.venv\Lib\site-packages\django\contrib\auth\__init__.py first seen with mtime 1735923056.374886
File D:\Python\Python\auto_auction\.venv\Lib\site-packages\pyasn1_modules\rfc2251.py first seen with mtime 1737702312.7330272
File C:\Users\user\AppData\Local\Programs\Python\Python312\Lib\decimal.py first seen with mtime 1722960150.0
File D:\Python\Python\auto_auction\.venv\Lib\site-packages\google\protobuf\internal\wire_format.py first seen with mtime 1737702312.4193175
File D:\Python\Python\auto_auction\.venv\Lib\site-packages\django\contrib\messages\storage\base.py first seen with mtime 1735923056.6150079
File D:\Python\Python\auto_auction\.venv\Lib\site-packages\django\http\request.py first seen with mtime 1735923056.8388982
File D:\Python\Python\auto_auction\.venv\Lib\site-packages\django\db\models\sql\where.py first seen with mtime 1735923056.8175843
File D:\Python\Python\auto_auction\.venv\Lib\site-packages\django\contrib\sessions\__init__.py first seen with mtime 1735923056.6891441
File D:\Python\Python\auto_auction\.venv\Lib\site-packages\django\contrib\sites\requests.py first seen with mtime 1735923056.73372
File D:\Python\Python\auto_auction\.venv\Lib\site-packages\django\core\checks\caches.py first seen with mtime 1735923056.783474
File D:\Python\Python\auto_auction\.venv\Lib\site-packages\google\auth\jwt.py first seen with mtime 1737702313.0395381
File D:\Python\Python\auto_auction\.venv\Lib\site-packages\dotenv\__init__.py first seen with mtime 1735929953.9052575
File D:\Python\Python\auto_auction\.venv\Lib\site-packages\google\api_core\client_info.py first seen with mtime 1737702313.1573577
File C:\Users\user\AppData\Local\Programs\Python\Python312\Lib\asyncio\protocols.py first seen with mtime 1722960150.0
File C:\Users\user\AppData\Local\Programs\Python\Python312\Lib\importlib\resources\_itertools.py first seen with mtime 1722960152.0
File D:\Python\Python\auto_auction\.venv\Lib\site-packages\django\contrib\admin\models.py first seen with mtime 1735923056.1819043
File C:\Users\user\AppData\Local\Programs\Python\Python312\Lib\importlib\metadata\_functools.py first seen with mtime 1722960152.0
File D:\Python\Python\auto_auction\.venv\Lib\site-packages\django\db\migrations\exceptions.py first seen with mtime 1735923056.8069372
File D:\Python\Python\auto_auction\.venv\Lib\site-packages\urllib3\connectionpool.py first seen with mtime 1735920684.4032414
File D:\Python\Python\auto_auction\.venv\Lib\site-packages\django\test\__init__.py first seen with mtime 1735923056.8470917
File D:\Python\Python\auto_auction\.venv\Lib\site-packages\django\core\files\uploadhandler.py first seen with mtime 1735923056.7858033
File D:\Python\Python\auto_auction\.venv\Lib\site-packages\proto\marshal\collections\repeated.py first seen with mtime 1737702312.9046054
File D:\Python\Python\auto_auction\.venv\Lib\site-packages\rest_framework\status.py first seen with mtime 1736398257.4104695
File D:\Python\Python\auto_auction\.venv\Lib\site-packages\django\db\backends\postgresql\__init__.py first seen with mtime 1735923056.8069372
File D:\Python\Python\auto_auction\.venv\Lib\site-packages\django\utils\connection.py first seen with mtime 1735923056.8494086
File D:\Python\Python\auto_auction\.venv\Lib\site-packages\django\utils\cache.py first seen with mtime 1735923056.8494086
File D:\Python\Python\auto_auction\.venv\Lib\site-packages\django\forms\formsets.py first seen with mtime 1735923056.8258882
File D:\Python\Python\auto_auction\.venv\Lib\site-packages\certifi\__init__.py first seen with mtime 1735920684.7383883
File D:\Python\Python\auto_auction\.venv\Lib\site-packages\google\protobuf\descriptor_pb2.py first seen with mtime 1737702312.4292812
File C:\Users\user\AppData\Local\Programs\Python\Python312\DLLs\_overlapped.pyd first seen with mtime 1722960196.0
File D:\Python\Python\auto_auction\.venv\Lib\site-packages\django\db\models\sql\datastructures.py first seen with mtime 1735923056.8175843
File D:\Python\Python\auto_auction\.venv\Lib\site-packages\google\protobuf\internal\message_listener.py first seen with mtime 1737702312.4193175
File C:\Users\user\AppData\Local\Programs\Python\Python312\Lib\pprint.py first seen with mtime 1722960152.0
File D:\Python\Python\auto_auction\.venv\Lib\site-packages\psycopg2\_ipaddress.py first seen with mtime 1735929203.4451258
File D:\Python\Python\auto_auction\.venv\Lib\site-packages\urllib3\_version.py first seen with mtime 1735920684.383857
File D:\Python\Python\auto_auction\.venv\Lib\site-packages\google\api_core\retry\retry_streaming.py first seen with mtime 1737702313.1655395
File D:\Python\Python\auto_auction\.venv\Lib\site-packages\rest_framework\utils\json.py first seen with mtime 1736398257.4687626
File D:\Python\Python\auto_auction\.venv\Lib\site-packages\django\contrib\postgres\fields\ranges.py first seen with mtime 1735923056.6173246
File D:\Python\Python\auto_auction\.venv\Lib\site-packages\google\cloud\secretmanager\__init__.py first seen with mtime 1737702313.233959
File D:\Python\Python\auto_auction\.venv\Lib\site-packages\django\contrib\messages\apps.py first seen with mtime 1735923056.6150079
File D:\Python\Python\auto_auction\.venv\Lib\site-packages\django\utils\safestring.py first seen with mtime 1735923056.8494086
File D:\Python\Python\auto_auction\.venv\Lib\site-packages\rest_framework\utils\humanize_datetime.py first seen with mtime 1736398257.4687626
File D:\Python\Python\auto_auction\.venv\Lib\site-packages\google\iam\v1\__init__.py first seen with mtime 1737702313.1408007
File D:\Python\Python\auto_auction\.venv\Lib\site-packages\django\utils\translation\__init__.py first seen with mtime 1735923056.8577273
File C:\Users\user\AppData\Local\Programs\Python\Python312\Lib\importlib\resources\_adapters.py first seen with mtime 1722960152.0
File D:\Python\Python\auto_auction\.venv\Lib\site-packages\google\iam\v1\policy_pb2.py first seen with mtime 1737702313.14119
File D:\Python\Python\auto_auction\.venv\Lib\site-packages\pyasn1\debug.py first seen with mtime 1737702312.3371682
File C:\Users\user\AppData\Local\Programs\Python\Python312\Lib\urllib\parse.py first seen with mtime 1722960152.0
File D:\Python\Python\auto_auction\.venv\Lib\site-packages\google\protobuf\timestamp_pb2.py first seen with mtime 1737702312.4292812
File D:\Python\Python\auto_auction\.venv\Lib\site-packages\django\core\files\storage\memory.py first seen with mtime 1735923056.7858033
File D:\Python\Python\auto_auction\.venv\Lib\site-packages\google\iam\v1\options_pb2.py first seen with mtime 1737702313.14119
File D:\Python\Python\auto_auction\.venv\Lib\site-packages\django\conf\__init__.py first seen with mtime 1735923056.0891273
File D:\Python\Python\auto_auction\.venv\Lib\site-packages\django\db\backends\base\creation.py first seen with mtime 1735923056.796448
File D:\Python\Python\auto_auction\.venv\Lib\site-packages\sqlparse\filters\tokens.py first seen with mtime 1735923056.0198054
File C:\Users\user\AppData\Local\Programs\Python\Python312\Lib\keyword.py first seen with mtime 1722960152.0
File D:\Python\Python\auto_auction\.venv\Lib\site-packages\google\oauth2\service_account.py first seen with mtime 1737702313.0479271
File C:\Users\user\AppData\Local\Programs\Python\Python312\Lib\concurrent\futures\__init__.py first seen with mtime 1722960150.0
File D:\Python\Python\auto_auction\.venv\Lib\site-packages\django\utils\__init__.py first seen with mtime 1735923056.8494086
File D:\Python\Python\auto_auction\.venv\Lib\site-packages\certifi\core.py first seen with mtime 1735920684.748524
File D:\Python\Python\auto_auction\.venv\Lib\site-packages\google\protobuf\struct_pb2.py first seen with mtime 1737702312.4292812
File D:\Python\Python\auto_auction\.venv\Lib\site-packages\google\api_core\version.py first seen with mtime 1737702313.1653728
File D:\Python\Python\auto_auction\.venv\Lib\site-packages\django\db\backends\postgresql\introspection.py first seen with mtime 1735923056.8069372
File C:\Users\user\AppData\Local\Programs\Python\Python312\Lib\xml\dom\NodeFilter.py first seen with mtime 1722960152.0
File D:\Python\Python\auto_auction\.venv\Lib\site-packages\django\urls\conf.py first seen with mtime 1735923056.8494086
File D:\Python\Python\auto_auction\.venv\Lib\site-packages\django\core\checks\async_checks.py first seen with mtime 1735923056.783474
File D:\Python\Python\auto_auction\.venv\Lib\site-packages\google\cloud\secretmanager_v1\__init__.py first seen with mtime 1737702313.233959
File D:\Python\Python\auto_auction\.venv\Lib\site-packages\django\views\__init__.py first seen with mtime 1735923056.8577273
File C:\Users\user\AppData\Local\Programs\Python\Python312\Lib\urllib\__init__.py first seen with mtime 1722960152.0
File D:\Python\Python\auto_auction\.venv\Lib\site-packages\google\api_core\rest_helpers.py first seen with mtime 1737702313.1573577
File D:\Python\Python\auto_auction\.venv\Lib\site-packages\google\cloud\secretmanager_v1\types\service.py first seen with mtime 1737702313.2421799
File C:\Users\user\AppData\Local\Programs\Python\Python312\Lib\pathlib.py first seen with mtime 1722960152.0
File D:\Python\Python\auto_auction\.venv\Lib\site-packages\django\template\loaders\app_directories.py first seen with mtime 1735923056.8388982
File D:\Python\Python\auto_auction\.venv\Lib\site-packages\google\cloud\secretmanager_v1\services\secret_manager_service\transports\grpc.py first seen with mtime 1737702313.2421799
File D:\Python\Python\auto_auction\.venv\Lib\site-packages\django\test\html.py first seen with mtime 1735923056.8470917
File D:\Python\Python\auto_auction\.venv\Lib\site-packages\google\protobuf\internal\api_implementation.py first seen with mtime 1737702312.4193175
File D:\Python\Python\auto_auction\.venv\Lib\site-packages\django\db\models\expressions.py first seen with mtime 1735923056.815266
File D:\Python\Python\auto_auction\.venv\Lib\site-packages\pyasn1\type\opentype.py first seen with mtime 1737702312.3460011
File D:\Python\Python\auto_auction\.venv\Lib\site-packages\django\contrib\auth\middleware.py first seen with mtime 1735923056.374886
File C:\Users\user\AppData\Local\Programs\Python\Python312\Lib\urllib\error.py first seen with mtime 1722960152.0
File C:\Users\user\AppData\Local\Programs\Python\Python312\Lib\wsgiref\handlers.py first seen with mtime 1722960152.0
File D:\Python\Python\auto_auction\.venv\Lib\site-packages\django\core\servers\__init__.py first seen with mtime 1735923056.796448
File D:\Python\Python\auto_auction\.venv\Lib\site-packages\django\db\migrations\operations\special.py first seen with mtime 1735923056.8069372
File D:\Python\Python\auto_auction\.venv\Lib\site-packages\django\contrib\contenttypes\admin.py first seen with mtime 1735923056.4277024
File D:\Python\Python\auto_auction\.venv\Lib\site-packages\django\utils\ipv6.py first seen with mtime 1735923056.8494086
File D:\Python\Python\auto_auction\.venv\Lib\site-packages\google\protobuf\internal\enum_type_wrapper.py first seen with mtime 1737702312.4193175
File D:\Python\Python\auto_auction\.venv\Lib\site-packages\google\api_core\retry\__init__.py first seen with mtime 1737702313.1655395
File D:\Python\Python\auto_auction\.venv\Lib\site-packages\django\middleware\security.py first seen with mtime 1735923056.8388982
File D:\Python\Python\auto_auction\.venv\Lib\site-packages\proto\marshal\rules\__init__.py first seen with mtime 1737702312.9046054
File D:\Python\Python\auto_auction\.venv\Lib\site-packages\django\core\checks\security\__init__.py first seen with mtime 1735923056.7858033
File D:\Python\Python\auto_auction\.venv\Lib\site-packages\django\db\migrations\operations\fields.py first seen with mtime 1735923056.8069372
File D:\Python\Python\auto_auction\.venv\Lib\site-packages\django\db\models\base.py first seen with mtime 1735923056.815266
File D:\Python\Python\auto_auction\.venv\Lib\site-packages\django\urls\base.py first seen with mtime 1735923056.8494086
File D:\Python\Python\auto_auction\.venv\Lib\site-packages\google\iam\v1\iam_policy_pb2.py first seen with mtime 1737702313.14119
File C:\Users\user\AppData\Local\Programs\Python\Python312\Lib\hmac.py first seen with mtime 1722960150.0
File C:\Users\user\AppData\Local\Programs\Python\Python312\Lib\contextlib.py first seen with mtime 1722960150.0
File D:\Python\Python\auto_auction\.venv\Lib\site-packages\rest_framework\serializers.py first seen with mtime 1736398257.4104695
File D:\Python\Python\auto_auction\.venv\Lib\site-packages\django\db\models\functions\math.py first seen with mtime 1735923056.8175843
File D:\Python\Python\auto_auction\.venv\Lib\site-packages\django\contrib\contenttypes\fields.py first seen with mtime 1735923056.4277024
File C:\Users\user\AppData\Local\Programs\Python\Python312\Lib\asyncio\proactor_events.py first seen with mtime 1722960150.0
File D:\Python\Python\auto_auction\.venv\Lib\site-packages\django\db\models\enums.py first seen with mtime 1735923056.815266
File D:\Python\Python\auto_auction\.venv\Lib\site-packages\rest_framework\checks.py first seen with mtime 1736398257.4104695
File C:\Users\user\AppData\Local\Programs\Python\Python312\Lib\enum.py first seen with mtime 1722960150.0
File D:\Python\Python\auto_auction\.venv\Lib\site-packages\django\db\migrations\executor.py first seen with mtime 1735923056.8069372
File D:\Python\Python\auto_auction\.venv\Lib\site-packages\django\core\checks\translation.py first seen with mtime 1735923056.7858033
File D:\Python\Python\auto_auction\.venv\Lib\site-packages\google\protobuf\pyext\cpp_message.py first seen with mtime 1737702312.4193175
File C:\Users\user\AppData\Local\Programs\Python\Python312\Lib\quopri.py first seen with mtime 1722960152.0
File D:\Python\Python\auto_auction\.venv\Lib\site-packages\google\auth\version.py first seen with mtime 1737702313.0395381
File D:\Python\Python\auto_auction\.venv\Lib\site-packages\pyasn1\codec\__init__.py first seen with mtime 1737702312.337797
File C:\Users\user\AppData\Local\Programs\Python\Python312\Lib\email\generator.py first seen with mtime 1722960150.0
File D:\Python\Python\auto_auction\.venv\Lib\site-packages\sqlparse\engine\__init__.py first seen with mtime 1735923056.004196
File D:\Python\Python\auto_auction\.venv\Lib\site-packages\rest_framework\utils\field_mapping.py first seen with mtime 1736398257.4687626
File D:\Python\Python\auto_auction\.venv\Lib\site-packages\google\api_core\timeout.py first seen with mtime 1737702313.1573577
File D:\Python\Python\auto_auction\.venv\Lib\site-packages\django\template\base.py first seen with mtime 1735923056.8388982
File C:\Users\user\AppData\Local\Programs\Python\Python312\Lib\importlib\metadata\_collections.py first seen with mtime 1722960152.0
File D:\Python\Python\auto_auction\.venv\Lib\site-packages\google\protobuf\descriptor_database.py first seen with mtime 1737702312.4193175
File C:\Users\user\AppData\Local\Programs\Python\Python312\Lib\signal.py first seen with mtime 1722960152.0
File C:\Users\user\AppData\Local\Programs\Python\Python312\Lib\bisect.py first seen with mtime 1722960150.0
File C:\Users\user\AppData\Local\Programs\Python\Python312\Lib\_weakrefset.py first seen with mtime 1722960150.0
File D:\Python\Python\auto_auction\.venv\Lib\site-packages\google\cloud\secretmanager_v1\gapic_version.py first seen with mtime 1737702313.233959
File D:\Python\Python\auto_auction\.venv\Lib\site-packages\django\core\files\locks.py first seen with mtime 1735923056.7858033
File C:\Users\user\AppData\Local\Programs\Python\Python312\Lib\random.py first seen with mtime 1722960152.0
File C:\Users\user\AppData\Local\Programs\Python\Python312\Lib\email\utils.py first seen with mtime 1722960150.0
File D:\Python\Python\auto_auction\.venv\Lib\site-packages\pyasn1\type\tag.py first seen with mtime 1737702312.3460011
File D:\Python\Python\auto_auction\.venv\Lib\site-packages\google\rpc\status_pb2.py first seen with mtime 1737702312.972972
File D:\Python\Python\auto_auction\.venv\Lib\site-packages\django\db\__init__.py first seen with mtime 1735923056.796448
File D:\Python\Python\auto_auction\.venv\Lib\site-packages\google\auth\crypt\base.py first seen with mtime 1737702313.0395381
File D:\Python\Python\auto_auction\.venv\Lib\site-packages\rest_framework\authentication.py first seen with mtime 1736398257.4104695
File D:\Python\Python\auto_auction\.venv\Lib\site-packages\requests\auth.py first seen with mtime 1735920684.7642784
File D:\Python\Python\auto_auction\.venv\Lib\site-packages\django\contrib\contenttypes\models.py first seen with mtime 1735923056.4277024
File D:\Python\Python\auto_auction\.venv\Lib\site-packages\google\protobuf\message.py first seen with mtime 1737702312.4193175
File D:\Python\Python\auto_auction\.venv\Lib\site-packages\django\contrib\auth\admin.py first seen with mtime 1735923056.374886
File D:\Python\Python\auto_auction\.venv\Lib\site-packages\grpc\_observability.py first seen with mtime 1737702312.5411406
File D:\Python\Python\auto_auction\.venv\Lib\site-packages\django\contrib\admindocs\utils.py first seen with mtime 1735923056.3112838
File D:\Python\Python\auto_auction\.venv\Lib\site-packages\rsa\__init__.py first seen with mtime 1737702312.7003284
File C:\Users\user\AppData\Local\Programs\Python\Python312\Lib\unittest\case.py first seen with mtime 1722960152.0
File D:\Python\Python\auto_auction\.venv\Lib\site-packages\google\api_core\_rest_streaming_base.py first seen with mtime 1737702313.1573577
File C:\Users\user\AppData\Local\Programs\Python\Python312\Lib\textwrap.py first seen with mtime 1722960152.0
File D:\Python\Python\auto_auction\.venv\Lib\site-packages\sqlparse\keywords.py first seen with mtime 1735923056.004196
File D:\Python\Python\auto_auction\.venv\Lib\site-packages\grpc\aio\__init__.py first seen with mtime 1737702312.5990381
File D:\Python\Python\auto_auction\.venv\Lib\site-packages\django\views\csrf.py first seen with mtime 1735923056.8577273
File C:\Users\user\AppData\Local\Programs\Python\Python312\Lib\string.py first seen with mtime 1722960152.0
File D:\Python\Python\auto_auction\.venv\Lib\site-packages\google\protobuf\text_format.py first seen with mtime 1737702312.4275832
File D:\Python\Python\auto_auction\.venv\Lib\site-packages\google\api_core\gapic_v1\method_async.py first seen with mtime 1737702313.1655395
File D:\Python\Python\auto_auction\.venv\Lib\site-packages\google\protobuf\internal\type_checkers.py first seen with mtime 1737702312.4193175
File D:\Python\Python\auto_auction\.venv\Lib\site-packages\django\contrib\auth\validators.py first seen with mtime 1735923056.374886
File D:\Python\Python\auto_auction\.venv\Lib\site-packages\google\api_core\retry_async.py first seen with mtime 1737702313.1573577
File D:\Python\Python\auto_auction\.venv\Lib\site-packages\django\utils\http.py first seen with mtime 1735923056.8494086
File D:\Python\Python\auto_auction\.venv\Lib\site-packages\django\core\files\images.py first seen with mtime 1735923056.7858033
File D:\Python\Python\auto_auction\.venv\Lib\site-packages\django\contrib\admin\templatetags\base.py first seen with mtime 1735923056.3110666
File D:\Python\Python\auto_auction\.venv\Lib\site-packages\django\utils\functional.py first seen with mtime 1735923056.8494086
File C:\Users\user\AppData\Local\Programs\Python\Python312\Lib\asyncio\mixins.py first seen with mtime 1722960150.0
File C:\Users\user\AppData\Local\Programs\Python\Python312\Lib\encodings\aliases.py first seen with mtime 1722960150.0
File D:\Python\Python\auto_auction\.venv\Lib\site-packages\grpc\__init__.py first seen with mtime 1737702312.5411406
File D:\Python\Python\auto_auction\.venv\Lib\site-packages\charset_normalizer\constant.py first seen with mtime 1735920684.7096403
File D:\Python\Python\auto_auction\.venv\Lib\site-packages\django\contrib\auth\base_user.py first seen with mtime 1735923056.374886
File C:\Users\user\AppData\Local\Programs\Python\Python312\Lib\email\_header_value_parser.py first seen with mtime 1722960150.0
File D:\Python\Python\auto_auction\.venv\Lib\site-packages\django\core\checks\messages.py first seen with mtime 1735923056.783474
File D:\Python\Python\auto_auction\.venv\Lib\site-packages\google\auth\exceptions.py first seen with mtime 1737702313.0395381
File D:\Python\Python\auto_auction\.venv\Lib\site-packages\urllib3\util\util.py first seen with mtime 1735920684.4119742
File D:\Python\Python\auto_auction\.venv\Lib\site-packages\rest_framework\utils\mediatypes.py first seen with mtime 1736398257.4687626
File D:\Python\Python\auto_auction\.venv\Lib\site-packages\django\views\debug.py first seen with mtime 1735923056.8577273
File D:\Python\Python\auto_auction\.venv\Lib\site-packages\proto\_package_info.py first seen with mtime 1737702312.9046054
File D:\Python\Python\auto_auction\.venv\Lib\site-packages\sqlparse\filters\right_margin.py first seen with mtime 1735923056.0198054
File D:\Python\Python\auto_auction\.venv\Lib\site-packages\django\contrib\sites\__init__.py first seen with mtime 1735923056.73372
File D:\Python\Python\auto_auction\.venv\Lib\site-packages\google\protobuf\wrappers_pb2.py first seen with mtime 1737702312.4292812
File D:\Python\Python\auto_auction\.venv\Lib\site-packages\django\db\models\fields\related.py first seen with mtime 1735923056.8175843
File D:\Python\Python\auto_auction\.venv\Lib\site-packages\django\core\wsgi.py first seen with mtime 1735923056.7753012
File D:\Python\Python\auto_auction\.venv\Lib\site-packages\google\api_core\grpc_helpers_async.py first seen with mtime 1737702313.1573577
File C:\Users\user\AppData\Local\Programs\Python\Python312\Lib\zoneinfo\_tzpath.py first seen with mtime 1722960152.0
File C:\Users\user\AppData\Local\Programs\Python\Python312\Lib\json\encoder.py first seen with mtime 1722960152.0
File D:\Python\Python\auto_auction\.venv\Lib\site-packages\django\utils\lorem_ipsum.py first seen with mtime 1735923056.8494086
File D:\Python\Python\auto_auction\.venv\Lib\site-packages\urllib3\util\connection.py first seen with mtime 1735920684.4038143
File D:\Python\Python\auto_auction\.venv\Lib\site-packages\grpc\aio\_base_server.py first seen with mtime 1737702312.5990381
File C:\Users\user\AppData\Local\Programs\Python\Python312\Lib\asyncio\base_futures.py first seen with mtime 1722960150.0
File D:\Python\Python\auto_auction\.venv\Lib\site-packages\rest_framework\relations.py first seen with mtime 1736398257.4104695
File D:\Python\Python\auto_auction\.venv\Lib\site-packages\django\db\backends\postgresql\creation.py first seen with mtime 1735923056.8069372
File D:\Python\Python\auto_auction\.venv\Lib\site-packages\google\api\annotations_pb2.py first seen with mtime 1737702312.940227
File D:\Python\Python\auto_auction\.venv\Lib\site-packages\rest_framework\negotiation.py first seen with mtime 1736398257.4104695
File D:\Python\Python\auto_auction\.venv\Lib\site-packages\django\templatetags\l10n.py first seen with mtime 1735923056.8470917
File D:\Python\Python\auto_auction\.venv\Lib\site-packages\django\contrib\sessions\models.py first seen with mtime 1735923056.6914623
File D:\Python\Python\auto_auction\.venv\Lib\site-packages\django\contrib\sessions\apps.py first seen with mtime 1735923056.6891441
File D:\Python\Python\auto_auction\.venv\Lib\site-packages\grpc\_cython\cygrpc.cp312-win_amd64.pyd first seen with mtime 1737702312.5990381
File D:\Python\Python\auto_auction\.venv\Lib\site-packages\psycopg2\sql.py first seen with mtime 1735929203.467716
File C:\Users\user\AppData\Local\Programs\Python\Python312\Lib\importlib\resources\_common.py first seen with mtime 1722960152.0
File D:\Python\Python\auto_auction\.venv\Lib\site-packages\django\contrib\admindocs\views.py first seen with mtime 1735923056.3112838
File D:\Python\Python\auto_auction\.venv\Lib\site-packages\pyasn1\codec\streaming.py first seen with mtime 1737702312.337797
File C:\Users\user\AppData\Local\Programs\Python\Python312\Lib\urllib\response.py first seen with mtime 1722960152.0
File D:\Python\Python\auto_auction\.venv\Lib\site-packages\django\utils\asyncio.py first seen with mtime 1735923056.8494086
File D:\Python\Python\auto_auction\.venv\Lib\site-packages\google\type\expr_pb2.py first seen with mtime 1737702312.9793327
File D:\Python\Python\auto_auction\.venv\Lib\site-packages\django\db\backends\utils.py first seen with mtime 1735923056.796448
File D:\Python\Python\auto_auction\.venv\Lib\site-packages\proto\marshal\compat.py first seen with mtime 1737702312.9046054
File D:\Python\Python\auto_auction\.venv\Lib\site-packages\django\core\management\commands\__init__.py first seen with mtime 1735923056.7858033
File C:\Users\user\AppData\Local\Programs\Python\Python312\Lib\unittest\signals.py first seen with mtime 1722960152.0
File D:\Python\Python\auto_auction\.venv\Lib\site-packages\django\contrib\admin\utils.py first seen with mtime 1735923056.1841762
File D:\Python\Python\auto_auction\.venv\Lib\site-packages\google\api_core\client_logging.py first seen with mtime 1737702313.1573577
File D:\Python\Python\auto_auction\.venv\Lib\site-packages\django\contrib\admin\sites.py first seen with mtime 1735923056.1841762
File D:\Python\Python\auto_auction\.venv\Lib\site-packages\django\contrib\staticfiles\management\commands\runserver.py first seen with mtime 1735923056.7753012
File D:\Python\Python\auto_auction\.venv\Lib\site-packages\django\template\context.py first seen with mtime 1735923056.8388982
File C:\Users\user\AppData\Local\Programs\Python\Python312\Lib\email\feedparser.py first seen with mtime 1722960150.0
File C:\Users\user\AppData\Local\Programs\Python\Python312\Lib\wsgiref\headers.py first seen with mtime 1722960152.0
File D:\Python\Python\auto_auction\.venv\Lib\site-packages\urllib3\filepost.py first seen with mtime 1735920684.4038143
File C:\Users\user\AppData\Local\Programs\Python\Python312\DLLs\_ctypes.pyd first seen with mtime 1722960196.0
File D:\Python\Python\auto_auction\.venv\Lib\site-packages\django\forms\fields.py first seen with mtime 1735923056.8175843
File C:\Users\user\AppData\Local\Programs\Python\Python312\Lib\encodings\idna.py first seen with mtime 1722960150.0
File D:\Python\Python\auto_auction\.venv\Lib\site-packages\rest_framework\request.py first seen with mtime 1736398257.4104695
File C:\Users\user\AppData\Local\Programs\Python\Python312\Lib\ssl.py first seen with mtime 1722960152.0
File D:\Python\Python\auto_auction\.venv\Lib\site-packages\django\core\paginator.py first seen with mtime 1735923056.7753012
File D:\Python\Python\auto_auction\.venv\Lib\site-packages\grpc\_grpcio_metadata.py first seen with mtime 1737702312.5411406
File C:\Users\user\AppData\Local\Programs\Python\Python312\Lib\asyncio\subprocess.py first seen with mtime 1722960150.0
File C:\Users\user\AppData\Local\Programs\Python\Python312\Lib\threading.py first seen with mtime 1722960152.0
File D:\Python\Python\auto_auction\.venv\Lib\site-packages\rest_framework\utils\serializer_helpers.py first seen with mtime 1736398257.4687626
File D:\Python\Python\auto_auction\server\settings.py first seen with mtime 1737705367.6007862
File C:\Users\user\AppData\Local\Programs\Python\Python312\Lib\numbers.py first seen with mtime 1722960152.0
File D:\Python\Python\auto_auction\.venv\Lib\site-packages\google\api\field_behavior_pb2.py first seen with mtime 1737702312.9483874
File D:\Python\Python\auto_auction\.venv\Lib\site-packages\django\db\models\constraints.py first seen with mtime 1735923056.815266
File D:\Python\Python\auto_auction\.venv\Lib\site-packages\google\protobuf\field_mask_pb2.py first seen with mtime 1737702312.4292812
File D:\Python\Python\auto_auction\.venv\Lib\site-packages\django\core\handlers\__init__.py first seen with mtime 1735923056.7858033
File D:\Python\Python\auto_auction\.venv\Lib\site-packages\google\api_core\path_template.py first seen with mtime 1737702313.1573577
File C:\Users\user\AppData\Local\Programs\Python\Python312\Lib\locale.py first seen with mtime 1722960152.0
File D:\Python\Python\auto_auction\.venv\Lib\site-packages\pyasn1_modules\rfc2459.py first seen with mtime 1737702312.7330272
File D:\Python\Python\auto_auction\.venv\Lib\site-packages\pyasn1_modules\pem.py first seen with mtime 1737702312.7330272
File D:\Python\Python\auto_auction\.venv\Lib\site-packages\requests\sessions.py first seen with mtime 1735920684.7642784
File C:\Users\user\AppData\Local\Programs\Python\Python312\Lib\logging\__init__.py first seen with mtime 1722960152.0
File D:\Python\Python\auto_auction\.venv\Lib\site-packages\django\template\autoreload.py first seen with mtime 1735923056.8388982
File D:\Python\Python\auto_auction\.venv\Lib\site-packages\django\utils\dateformat.py first seen with mtime 1735923056.8494086
File C:\Users\user\AppData\Local\Programs\Python\Python312\Lib\importlib\resources\__init__.py first seen with mtime 1722960152.0
File D:\Python\Python\auto_auction\.venv\Lib\site-packages\requests\__version__.py first seen with mtime 1735920684.7642784
File D:\Python\Python\auto_auction\.venv\Lib\site-packages\sqlparse\lexer.py first seen with mtime 1735923056.004196
File C:\Users\user\AppData\Local\Programs\Python\Python312\DLLs\_ssl.pyd first seen with mtime 1722960196.0
File C:\Users\user\AppData\Local\Programs\Python\Python312\Lib\linecache.py first seen with mtime 1722960152.0
File D:\Python\Python\auto_auction\.venv\Lib\site-packages\django\core\checks\urls.py first seen with mtime 1735923056.7858033
File D:\Python\Python\auto_auction\.venv\Lib\site-packages\django\templatetags\i18n.py first seen with mtime 1735923056.8470917
File D:\Python\Python\auto_auction\.venv\Lib\site-packages\dotenv\main.py first seen with mtime 1735929953.9052575
File D:\Python\Python\auto_auction\.venv\Lib\site-packages\sqlparse\__init__.py first seen with mtime 1735923056.004196
File D:\Python\Python\auto_auction\.venv\Lib\site-packages\django\contrib\postgres\fields\citext.py first seen with mtime 1735923056.6173246
File D:\Python\Python\auto_auction\.venv\Lib\site-packages\proto\fields.py first seen with mtime 1737702312.9046054
File D:\Python\Python\auto_auction\.venv\Lib\site-packages\rest_framework\metadata.py first seen with mtime 1736398257.4104695
File D:\Python\Python\auto_auction\.venv\Lib\site-packages\django\contrib\admin\templatetags\log.py first seen with mtime 1735923056.3110666
File D:\Python\Python\auto_auction\.venv\Lib\site-packages\google\auth\transport\__init__.py first seen with mtime 1737702313.0395381
File D:\Python\Python\auto_auction\.venv\Lib\site-packages\django\contrib\admin\views\decorators.py first seen with mtime 1735923056.3112838
File D:\Python\Python\auto_auction\.venv\Lib\site-packages\django\dispatch\dispatcher.py first seen with mtime 1735923056.8175843
File D:\Python\Python\auto_auction\.venv\Lib\site-packages\google\api_core\client_options.py first seen with mtime 1737702313.1573577
File D:\Python\Python\auto_auction\.venv\Lib\site-packages\django\core\checks\database.py first seen with mtime 1735923056.783474
File D:\Python\Python\auto_auction\.venv\Lib\site-packages\google\api\resource_pb2.py first seen with mtime 1737702312.956576
File D:\Python\Python\auto_auction\.venv\Lib\site-packages\rest_framework\apps.py first seen with mtime 1736398257.4104695
File D:\Python\Python\auto_auction\.venv\Lib\site-packages\django\db\transaction.py first seen with mtime 1735923056.796448
File C:\Users\user\AppData\Local\Programs\Python\Python312\Lib\stringprep.py first seen with mtime 1722960152.0
File D:\Python\Python\auto_auction\.venv\Lib\site-packages\django\core\checks\security\csrf.py first seen with mtime 1735923056.7858033
File D:\Python\Python\auto_auction\.venv\Lib\site-packages\google\cloud\location\locations_pb2.py first seen with mtime 1737702312.9647505
File D:\Python\Python\auto_auction\.venv\Lib\site-packages\django\test\utils.py first seen with mtime 1735923056.8494086
File C:\Users\user\AppData\Local\Programs\Python\Python312\Lib\xml\dom\__init__.py first seen with mtime 1722960152.0
File D:\Python\Python\auto_auction\.venv\Lib\site-packages\django\templatetags\tz.py first seen with mtime 1735923056.8470917
File C:\Users\user\AppData\Local\Programs\Python\Python312\Lib\collections\__init__.py first seen with mtime 1722960150.0
File D:\Python\Python\auto_auction\.venv\Lib\site-packages\django\contrib\staticfiles\__init__.py first seen with mtime 1735923056.7753012
File D:\Python\Python\auto_auction\.venv\Lib\site-packages\django\forms\renderers.py first seen with mtime 1735923056.8258882
File C:\Users\user\AppData\Local\Programs\Python\Python312\Lib\email\mime\message.py first seen with mtime 1722960150.0
File D:\Python\Python\auto_auction\.venv\Lib\site-packages\google\cloud\secretmanager\gapic_version.py first seen with mtime 1737702313.233959
File D:\Python\Python\auto_auction\.venv\Lib\site-packages\grpc\_compression.py first seen with mtime 1737702312.5411406
File D:\Python\Python\auto_auction\.venv\Lib\site-packages\psycopg2\__init__.py first seen with mtime 1735929203.4451258
File D:\Python\Python\auto_auction\.venv\Lib\site-packages\rest_framework\schemas\utils.py first seen with mtime 1736398257.4530141
File D:\Python\Python\auto_auction\.venv\Lib\site-packages\django\core\management\base.py first seen with mtime 1735923056.7858033
File C:\Users\user\AppData\Local\Programs\Python\Python312\DLLs\select.pyd first seen with mtime 1722960196.0
File C:\Users\user\AppData\Local\Programs\Python\Python312\Lib\asyncio\threads.py first seen with mtime 1722960150.0
File D:\Python\Python\auto_auction\.venv\Lib\site-packages\django\views\generic\dates.py first seen with mtime 1735923056.8600478
File D:\Python\Python\auto_auction\.venv\Lib\site-packages\django\contrib\sessions\backends\base.py first seen with mtime 1735923056.6914623
File C:\Users\user\AppData\Local\Programs\Python\Python312\Lib\dataclasses.py first seen with mtime 1722960150.0
File C:\Users\user\AppData\Local\Programs\Python\Python312\Lib\unittest\util.py first seen with mtime 1722960152.0
File D:\Python\Python\auto_auction\.venv\Lib\site-packages\django\contrib\postgres\lookups.py first seen with mtime 1735923056.6173246
File D:\Python\Python\auto_auction\.venv\Lib\site-packages\django\contrib\auth\signals.py first seen with mtime 1735923056.374886
File C:\Users\user\AppData\Local\Programs\Python\Python312\Lib\encodings\unicode_escape.py first seen with mtime 1722960150.0
File D:\Python\Python\auto_auction\.venv\Lib\site-packages\rest_framework\templatetags\__init__.py first seen with mtime 1736398257.4687626
File D:\Python\Python\auto_auction\.venv\Lib\site-packages\django\contrib\messages\constants.py first seen with mtime 1735923056.6150079
File D:\Python\Python\auto_auction\.venv\Lib\site-packages\rest_framework\views.py first seen with mtime 1736398257.4104695
File D:\Python\Python\auto_auction\.venv\Lib\site-packages\google\cloud\secretmanager_v1\services\secret_manager_service\transports\__init__.py first seen with mtime 1737702313.2421799
File C:\Users\user\AppData\Local\Programs\Python\Python312\Lib\email\errors.py first seen with mtime 1722960150.0
File D:\Python\Python\auto_auction\.venv\Lib\site-packages\google\protobuf\descriptor.py first seen with mtime 1737702312.4193175
File C:\Users\user\AppData\Local\Programs\Python\Python312\Lib\importlib\abc.py first seen with mtime 1722960152.0
File D:\Python\Python\auto_auction\.venv\Lib\site-packages\requests\models.py first seen with mtime 1735920684.7642784
File D:\Python\Python\auto_auction\.venv\Lib\site-packages\django\db\migrations\operations\__init__.py first seen with mtime 1735923056.8069372
File C:\Users\user\AppData\Local\Programs\Python\Python312\DLLs\_bz2.pyd first seen with mtime 1722960196.0
File D:\Python\Python\auto_auction\.venv\Lib\site-packages\django\middleware\csrf.py first seen with mtime 1735923056.8388982
File D:\Python\Python\auto_auction\.venv\Lib\site-packages\psycopg2\extensions.py first seen with mtime 1735929203.467716
File C:\Users\user\AppData\Local\Programs\Python\Python312\Lib\copyreg.py first seen with mtime 1722960150.0
File D:\Python\Python\auto_auction\.venv\Lib\site-packages\google\cloud\secretmanager_v1\services\secret_manager_service\transports\rest_base.py first seen with mtime 1737702313.2421799
File C:\Users\user\AppData\Local\Programs\Python\Python312\Lib\xml\dom\minidom.py first seen with mtime 1722960152.0
File C:\Users\user\AppData\Local\Programs\Python\Python312\Lib\_compression.py first seen with mtime 1722960150.0
File D:\Python\Python\auto_auction\.venv\Lib\site-packages\rest_framework\schemas\inspectors.py first seen with mtime 1736398257.4530141
File C:\Users\user\AppData\Local\Programs\Python\Python312\Lib\email\charset.py first seen with mtime 1722960150.0
File D:\Python\Python\auto_auction\.venv\Lib\site-packages\google\oauth2\__init__.py first seen with mtime 1737702313.0479271
File D:\Python\Python\auto_auction\.venv\Lib\site-packages\google\protobuf\internal\encoder.py first seen with mtime 1737702312.4193175
File D:\Python\Python\auto_auction\.venv\Lib\site-packages\urllib3\util\proxy.py first seen with mtime 1735920684.4038143
File D:\Python\Python\auto_auction\.venv\Lib\site-packages\django\contrib\auth\management\__init__.py first seen with mtime 1735923056.416989
File C:\Users\user\AppData\Local\Programs\Python\Python312\Lib\wsgiref\util.py first seen with mtime 1722960152.0
File D:\Python\Python\auto_auction\.venv\Lib\site-packages\psycopg2\_range.py first seen with mtime 1735929203.4632487
File D:\Python\Python\auto_auction\.venv\Lib\site-packages\django\templatetags\static.py first seen with mtime 1735923056.8470917
File D:\Python\Python\auto_auction\auto_auction\models.py first seen with mtime 1735975875.7908154
File D:\Python\Python\auto_auction\.venv\Lib\site-packages\django\utils\regex_helper.py first seen with mtime 1735923056.8494086
File C:\Users\user\AppData\Local\Programs\Python\Python312\Lib\importlib\metadata\_adapters.py first seen with mtime 1722960152.0
File D:\Python\Python\auto_auction\.venv\Lib\site-packages\django\__init__.py first seen with mtime 1735923056.0891273
File D:\Python\Python\auto_auction\.venv\Lib\site-packages\rest_framework\validators.py first seen with mtime 1736398257.4104695
File D:\Python\Python\auto_auction\.venv\Lib\site-packages\django\core\mail\__init__.py first seen with mtime 1735923056.7858033
File D:\Python\Python\auto_auction\.venv\Lib\site-packages\sqlparse\exceptions.py first seen with mtime 1735923056.004196
File C:\Users\user\AppData\Local\Programs\Python\Python312\Lib\http\__init__.py first seen with mtime 1722960150.0
File C:\Users\user\AppData\Local\Programs\Python\Python312\Lib\zipfile\__init__.py first seen with mtime 1722960152.0
File C:\Users\user\AppData\Local\Programs\Python\Python312\Lib\asyncio\locks.py first seen with mtime 1722960150.0
File D:\Python\Python\auto_auction\.venv\Lib\site-packages\django\contrib\postgres\forms\__init__.py first seen with mtime 1735923056.6173246
File D:\Python\Python\auto_auction\.venv\Lib\site-packages\django\utils\timesince.py first seen with mtime 1735923056.8494086
File D:\Python\Python\auto_auction\.venv\Lib\site-packages\google\protobuf\json_format.py first seen with mtime 1737702312.4193175
File D:\Python\Python\auto_auction\.venv\Lib\site-packages\django\conf\locale\__init__.py first seen with mtime 1735923056.0891273
File D:\Python\Python\auto_auction\.venv\Lib\site-packages\django\db\models\query.py first seen with mtime 1735923056.8175843
File D:\Python\Python\auto_auction\.venv\Lib\site-packages\google\auth\__init__.py first seen with mtime 1737702313.0314977
File D:\Python\Python\auto_auction\.venv\Lib\site-packages\django\db\models\functions\mixins.py first seen with mtime 1735923056.8175843
File D:\Python\Python\auto_auction\.venv\Lib\site-packages\google\auth\crypt\__init__.py first seen with mtime 1737702313.0395381
File D:\Python\Python\auto_auction\auto_auction\urls.py first seen with mtime 1736720429.5647726
File D:\Python\Python\auto_auction\.venv\Lib\site-packages\google\auth\transport\requests.py first seen with mtime 1737702313.0476322
File D:\Python\Python\auto_auction\.venv\Lib\site-packages\pyasn1\codec\ber\eoo.py first seen with mtime 1737702312.337797
File D:\Python\Python\auto_auction\.venv\Lib\site-packages\django\utils\deprecation.py first seen with mtime 1735923056.8494086
File D:\Python\Python\auto_auction\.venv\Lib\site-packages\django\contrib\postgres\__init__.py first seen with mtime 1735923056.6173246
File D:\Python\Python\auto_auction\.venv\Lib\site-packages\django\utils\dateparse.py first seen with mtime 1735923056.8494086
File D:\Python\Python\auto_auction\.venv\Lib\site-packages\django\utils\html.py first seen with mtime 1735923056.8494086
File D:\Python\Python\auto_auction\.venv\Lib\site-packages\idna\idnadata.py first seen with mtime 1735920684.6452036
File D:\Python\Python\auto_auction\.venv\Lib\site-packages\django\urls\utils.py first seen with mtime 1735923056.8494086
File C:\Users\user\AppData\Local\Programs\Python\Python312\Lib\functools.py first seen with mtime 1722960150.0
File D:\Python\Python\auto_auction\.venv\Lib\site-packages\google\api_core\gapic_v1\routing_header.py first seen with mtime 1737702313.1655395
File C:\Users\user\AppData\Local\Programs\Python\Python312\Lib\re\_constants.py first seen with mtime 1722960152.0
File D:\Python\Python\auto_auction\.venv\Lib\site-packages\django\core\cache\backends\locmem.py first seen with mtime 1735923056.783474
File D:\Python\Python\auto_auction\.venv\Lib\site-packages\proto\marshal\rules\bytes.py first seen with mtime 1737702312.9046054
File C:\Users\user\AppData\Local\Programs\Python\Python312\Lib\asyncio\selector_events.py first seen with mtime 1722960150.0
File D:\Python\Python\auto_auction\.venv\Lib\site-packages\django\db\models\constants.py first seen with mtime 1735923056.815266
File D:\Python\Python\auto_auction\.venv\Lib\site-packages\django\template\backends\base.py first seen with mtime 1735923056.8388982
File D:\Python\Python\auto_auction\.venv\Lib\site-packages\grpc\_cython\__init__.py first seen with mtime 1737702312.549203
File D:\Python\Python\auto_auction\.venv\Lib\site-packages\django\db\models\sql\subqueries.py first seen with mtime 1735923056.8175843
File D:\Python\Python\auto_auction\.venv\Lib\site-packages\pyasn1_modules\rfc5208.py first seen with mtime 1737702312.7413733
File C:\Users\user\AppData\Local\Programs\Python\Python312\Lib\unittest\__init__.py first seen with mtime 1722960152.0
File D:\Python\Python\auto_auction\.venv\Lib\site-packages\google\protobuf\empty_pb2.py first seen with mtime 1737702312.4292812
File D:\Python\Python\auto_auction\.venv\Lib\site-packages\proto\datetime_helpers.py first seen with mtime 1737702312.9046054
File D:\Python\Python\auto_auction\.venv\Lib\site-packages\django\core\checks\security\sessions.py first seen with mtime 1735923056.7858033
File D:\Python\Python\auto_auction\.venv\Lib\site-packages\django\contrib\auth\decorators.py first seen with mtime 1735923056.374886
File D:\Python\Python\auto_auction\.venv\Lib\site-packages\google\auth\_helpers.py first seen with mtime 1737702313.0314977
File C:\Users\user\AppData\Local\Programs\Python\Python312\Lib\asyncio\exceptions.py first seen with mtime 1722960150.0
File D:\Python\Python\auto_auction\.venv\Lib\site-packages\django\utils\decorators.py first seen with mtime 1735923056.8494086
File D:\Python\Python\auto_auction\.venv\Lib\site-packages\django\utils\termcolors.py first seen with mtime 1735923056.8494086
File C:\Users\user\AppData\Local\Programs\Python\Python312\Lib\email\base64mime.py first seen with mtime 1722960150.0
File D:\Python\Python\auto_auction\.venv\Lib\site-packages\urllib3\util\ssl_match_hostname.py first seen with mtime 1735920684.4038143
File D:\Python\Python\auto_auction\.venv\Lib\site-packages\django\contrib\admin\templatetags\admin_list.py first seen with mtime 1735923056.3089273
File C:\Users\user\AppData\Local\Programs\Python\Python312\Lib\socketserver.py first seen with mtime 1722960152.0
File D:\Python\Python\auto_auction\.venv\Lib\site-packages\django\db\models\deletion.py first seen with mtime 1735923056.815266
File D:\Python\Python\auto_auction\.venv\Lib\site-packages\django\db\models\indexes.py first seen with mtime 1735923056.815266
File D:\Python\Python\auto_auction\.venv\Lib\site-packages\django\db\models\lookups.py first seen with mtime 1735923056.815266
File D:\Python\Python\auto_auction\.venv\Lib\site-packages\django\db\models\fields\generated.py first seen with mtime 1735923056.8175843
File D:\Python\Python\auto_auction\.venv\Lib\site-packages\django\utils\log.py first seen with mtime 1735923056.8494086
File D:\Python\Python\auto_auction\.venv\Lib\site-packages\requests\packages.py first seen with mtime 1735920684.7642784
File D:\Python\Python\auto_auction\.venv\Lib\site-packages\pyasn1\type\__init__.py first seen with mtime 1737702312.337797
File D:\Python\Python\auto_auction\.venv\Lib\site-packages\google\api_core\retry\retry_streaming_async.py first seen with mtime 1737702313.1655395
File D:\Python\Python\auto_auction\.venv\Lib\site-packages\google\protobuf\internal\decoder.py first seen with mtime 1737702312.4193175
File D:\Python\Python\auto_auction\.venv\Lib\site-packages\django\forms\utils.py first seen with mtime 1735923056.8258882
File C:\Users\user\AppData\Local\Programs\Python\Python312\Lib\unittest\runner.py first seen with mtime 1722960152.0
File D:\Python\Python\auto_auction\.venv\Lib\site-packages\django\contrib\postgres\forms\hstore.py first seen with mtime 1735923056.6173246
File D:\Python\Python\auto_auction\.venv\Lib\site-packages\cachetools\keys.py first seen with mtime 1737702312.6920385
File D:\Python\Python\auto_auction\.venv\Lib\site-packages\charset_normalizer\api.py first seen with mtime 1735920684.7096403
File D:\Python\Python\auto_auction\.venv\Lib\site-packages\django\db\backends\postgresql\schema.py first seen with mtime 1735923056.8069372
File D:\Python\Python\auto_auction\.venv\Lib\site-packages\django\contrib\auth\hashers.py first seen with mtime 1735923056.374886
File C:\Users\user\AppData\Local\Programs\Python\Python312\Lib\html\entities.py first seen with mtime 1722960150.0
File D:\Python\Python\auto_auction\.venv\Lib\site-packages\django\template\loader_tags.py first seen with mtime 1735923056.8388982
File D:\Python\Python\auto_auction\.venv\Lib\site-packages\google\api_core\gapic_v1\config_async.py first seen with mtime 1737702313.1655395
File D:\Python\Python\auto_auction\.venv\Lib\site-packages\google\api_core\exceptions.py first seen with mtime 1737702313.1573577
File D:\Python\Python\auto_auction\.venv\Lib\site-packages\google\cloud\secretmanager_v1\services\secret_manager_service\pagers.py first seen with mtime 1737702313.2421799
File C:\Users\user\AppData\Local\Programs\Python\Python312\Lib\xml\__init__.py first seen with mtime 1722960152.0
File D:\Python\Python\auto_auction\.venv\Lib\site-packages\google\protobuf\reflection.py first seen with mtime 1737702312.4193175
File D:\Python\Python\auto_auction\.venv\Lib\site-packages\cachetools\__init__.py first seen with mtime 1737702312.6920385
File D:\Python\Python\auto_auction\.venv\Lib\site-packages\django\shortcuts.py first seen with mtime 1735923056.0891273
File D:\Python\Python\auto_auction\.venv\Lib\site-packages\grpc\_typing.py first seen with mtime 1737702312.5411406
File D:\Python\Python\auto_auction\.venv\Lib\site-packages\django\forms\widgets.py first seen with mtime 1735923056.8258882
File D:\Python\Python\auto_auction\.venv\Lib\site-packages\rest_framework\fields.py first seen with mtime 1736398257.4104695
File D:\Python\Python\auto_auction\.venv\Lib\site-packages\django\template\loaders\base.py first seen with mtime 1735923056.8388982
File D:\Python\Python\auto_auction\.venv\Lib\site-packages\django\http\multipartparser.py first seen with mtime 1735923056.8388982
File D:\Python\Python\auto_auction\.venv\Lib\site-packages\rest_framework\utils\timezone.py first seen with mtime 1736398257.4687626
File D:\Python\Python\auto_auction\.venv\Lib\site-packages\google\auth\iam.py first seen with mtime 1737702313.0395381
File D:\Python\Python\auto_auction\.venv\Lib\site-packages\requests\certs.py first seen with mtime 1735920684.7642784
File D:\Python\Python\auto_auction\.venv\Lib\site-packages\django\contrib\messages\__init__.py first seen with mtime 1735923056.6150079
File D:\Python\Python\auto_auction\.venv\Lib\site-packages\django\contrib\postgres\utils.py first seen with mtime 1735923056.6173246
File D:\Python\Python\auto_auction\.venv\Lib\site-packages\django\contrib\sessions\exceptions.py first seen with mtime 1735923056.6891441
File D:\Python\Python\auto_auction\.venv\Lib\site-packages\django\contrib\postgres\fields\__init__.py first seen with mtime 1735923056.6173246
File D:\Python\Python\auto_auction\.venv\Lib\site-packages\django\conf\urls\__init__.py first seen with mtime 1735923056.1716864
File D:\Python\Python\auto_auction\.venv\Lib\site-packages\google\auth\_exponential_backoff.py first seen with mtime 1737702313.0314977
File D:\Python\Python\auto_auction\.venv\Lib\site-packages\django\templatetags\__init__.py first seen with mtime 1735923056.8388982
File D:\Python\Python\auto_auction\.venv\Lib\site-packages\asgiref\local.py first seen with mtime 1735923056.0544808
File D:\Python\Python\auto_auction\.venv\Lib\site-packages\charset_normalizer\utils.py first seen with mtime 1735920684.717817
File D:\Python\Python\auto_auction\.venv\Lib\site-packages\django\apps\registry.py first seen with mtime 1735923056.0891273
File D:\Python\Python\auto_auction\.venv\Lib\site-packages\django\contrib\admindocs\__init__.py first seen with mtime 1735923056.3112838
File D:\Python\Python\auto_auction\.venv\Lib\site-packages\rest_framework\schemas\openapi.py first seen with mtime 1736398257.4530141
File D:\Python\Python\auto_auction\.venv\Lib\site-packages\rsa\common.py first seen with mtime 1737702312.7003284
File D:\Python\Python\auto_auction\.venv\Lib\site-packages\django\db\models\fields\related_descriptors.py first seen with mtime 1735923056.8175843
File D:\Python\Python\auto_auction\.venv\Lib\site-packages\django\contrib\admin\templatetags\__init__.py first seen with mtime 1735923056.3089273
File D:\Python\Python\auto_auction\.venv\Lib\site-packages\google\api_core\datetime_helpers.py first seen with mtime 1737702313.1573577
File C:\Users\user\AppData\Local\Programs\Python\Python312\Lib\asyncio\sslproto.py first seen with mtime 1722960150.0
File D:\Python\Python\auto_auction\.venv\Lib\site-packages\django\core\checks\model_checks.py first seen with mtime 1735923056.785602
File C:\Users\user\AppData\Local\Programs\Python\Python312\DLLs\_socket.pyd first seen with mtime 1722960196.0
File D:\Python\Python\auto_auction\.venv\Lib\site-packages\grpc_status\rpc_status.py first seen with mtime 1737702313.0305037
File D:\Python\Python\auto_auction\.venv\Lib\site-packages\urllib3\contrib\__init__.py first seen with mtime 1735920684.4038143
File C:\Users\user\AppData\Local\Programs\Python\Python312\Lib\asyncio\log.py first seen with mtime 1722960150.0
File C:\Users\user\AppData\Local\Programs\Python\Python312\Lib\types.py first seen with mtime 1722960152.0
File D:\Python\Python\auto_auction\.venv\Lib\site-packages\asgiref\sync.py first seen with mtime 1735923056.0546982
File D:\Python\Python\auto_auction\.venv\Lib\site-packages\rest_framework\__init__.py first seen with mtime 1736398257.4104695
File D:\Python\Python\auto_auction\.venv\Lib\site-packages\requests\adapters.py first seen with mtime 1735920684.7642784
File C:\Users\user\AppData\Local\Programs\Python\Python312\Lib\hashlib.py first seen with mtime 1722960150.0
File D:\Python\Python\auto_auction\.venv\Lib\site-packages\django\core\checks\templates.py first seen with mtime 1735923056.7858033
File C:\Users\user\AppData\Local\Programs\Python\Python312\Lib\xml\dom\domreg.py first seen with mtime 1722960152.0
File D:\Python\Python\auto_auction\.venv\Lib\site-packages\django\utils\tree.py first seen with mtime 1735923056.8575482
File D:\Python\Python\auto_auction\.venv\Lib\site-packages\sqlparse\filters\output.py first seen with mtime 1735923056.004196
File C:\Users\user\AppData\Local\Programs\Python\Python312\DLLs\_lzma.pyd first seen with mtime 1722960196.0
File D:\Python\Python\auto_auction\.venv\Lib\site-packages\django\db\models\sql\__init__.py first seen with mtime 1735923056.8175843
File C:\Users\user\AppData\Local\Programs\Python\Python312\Lib\zoneinfo\__init__.py first seen with mtime 1722960152.0
File D:\Python\Python\auto_auction\.venv\Lib\site-packages\django\contrib\staticfiles\management\commands\__init__.py first seen with mtime 1735923056.7753012
File D:\Python\Python\auto_auction\.venv\Lib\site-packages\rest_framework\mixins.py first seen with mtime 1736398257.4104695
File C:\Users\user\AppData\Local\Programs\Python\Python312\Lib\asyncio\events.py first seen with mtime 1722960150.0
File D:\Python\Python\auto_auction\.venv\Lib\site-packages\django\contrib\admin\exceptions.py first seen with mtime 1735923056.1716864
File C:\Users\user\AppData\Local\Programs\Python\Python312\Lib\email\__init__.py first seen with mtime 1722960150.0
File C:\Users\user\AppData\Local\Programs\Python\Python312\Lib\opcode.py first seen with mtime 1722960152.0
File D:\Python\Python\auto_auction\.venv\Lib\site-packages\pyasn1\codec\ber\__init__.py first seen with mtime 1737702312.337797
File D:\Python\Python\auto_auction\.venv\Lib\site-packages\pyasn1\type\namedval.py first seen with mtime 1737702312.3460011
File D:\Python\Python\auto_auction\.venv\Lib\site-packages\urllib3\http2\probe.py first seen with mtime 1735920684.4038143
File C:\Users\user\AppData\Local\Programs\Python\Python312\Lib\importlib\resources\readers.py first seen with mtime 1722960152.0
File D:\Python\Python\auto_auction\.venv\Lib\site-packages\sqlparse\sql.py first seen with mtime 1735923056.004196
File C:\Users\user\AppData\Local\Programs\Python\Python312\Lib\gzip.py first seen with mtime 1722960150.0
File D:\Python\Python\auto_auction\.venv\Lib\site-packages\urllib3\exceptions.py first seen with mtime 1735920684.4037666
File D:\Python\Python\auto_auction\.venv\Lib\site-packages\django\utils\dates.py first seen with mtime 1735923056.8494086
File D:\Python\Python\auto_auction\.venv\Lib\site-packages\django\contrib\contenttypes\forms.py first seen with mtime 1735923056.4277024
File D:\Python\Python\auto_auction\.venv\Lib\site-packages\rsa\pem.py first seen with mtime 1737702312.7085388
File D:\Python\Python\auto_auction\.venv\Lib\site-packages\google\protobuf\message_factory.py first seen with mtime 1737702312.4193175
File D:\Python\Python\auto_auction\.venv\Lib\site-packages\psycopg2\_json.py first seen with mtime 1735929203.4524684
File D:\Python\Python\auto_auction\.venv\Lib\site-packages\urllib3\util\ssl_.py first seen with mtime 1735920684.4038143
File D:\Python\Python\auto_auction\.venv\Lib\site-packages\django\contrib\postgres\forms\array.py first seen with mtime 1735923056.6173246
File D:\Python\Python\auto_auction\.venv\Lib\site-packages\proto\__init__.py first seen with mtime 1737702312.9046054
File D:\Python\Python\auto_auction\.venv\Lib\site-packages\google\cloud\secretmanager_v1\services\secret_manager_service\client.py first seen with mtime 1737702313.2421799
File D:\Python\Python\auto_auction\.venv\Lib\site-packages\django\contrib\postgres\fields\utils.py first seen with mtime 1735923056.6173246
File D:\Python\Python\auto_auction\.venv\Lib\site-packages\charset_normalizer\models.py first seen with mtime 1735920684.717817
File C:\Users\user\AppData\Local\Programs\Python\Python312\Lib\_markupbase.py first seen with mtime 1722960150.0
File C:\Users\user\AppData\Local\Programs\Python\Python312\Lib\asyncio\queues.py first seen with mtime 1722960150.0
File D:\Python\Python\auto_auction\.venv\Lib\site-packages\django\core\__init__.py first seen with mtime 1735923056.7753012
File C:\Users\user\AppData\Local\Programs\Python\Python312\Lib\asyncio\transports.py first seen with mtime 1722960150.0
File D:\Python\Python\auto_auction\.venv\Lib\site-packages\google\protobuf\symbol_database.py first seen with mtime 1737702312.4273498
File D:\Python\Python\auto_auction\.venv\Lib\site-packages\django\core\mail\message.py first seen with mtime 1735923056.7858033
File D:\Python\Python\auto_auction\.venv\Lib\site-packages\proto\marshal\rules\enums.py first seen with mtime 1737702312.9046054
File C:\Users\user\AppData\Local\Programs\Python\Python312\Lib\importlib\_abc.py first seen with mtime 1722960152.0
File D:\Python\Python\auto_auction\.venv\Lib\site-packages\django\contrib\admin\decorators.py first seen with mtime 1735923056.1716864
File D:\Python\Python\auto_auction\.venv\Lib\site-packages\rest_framework\utils\html.py first seen with mtime 1736398257.4687626
File C:\Users\user\AppData\Local\Programs\Python\Python312\Lib\zoneinfo\_common.py first seen with mtime 1722960152.0
File C:\Users\user\AppData\Local\Programs\Python\Python312\DLLs\_zoneinfo.pyd first seen with mtime 1722960196.0
File D:\Python\Python\auto_auction\.venv\Lib\site-packages\rest_framework\utils\model_meta.py first seen with mtime 1736398257.4687626
File D:\Python\Python\auto_auction\.venv\Lib\site-packages\django\views\generic\list.py first seen with mtime 1735923056.8600478
File D:\Python\Python\auto_auction\.venv\Lib\site-packages\django\db\backends\base\client.py first seen with mtime 1735923056.796448
File D:\Python\Python\auto_auction\.venv\Lib\site-packages\django\utils\autoreload.py first seen with mtime 1735923056.8494086
File D:\Python\Python\auto_auction\.venv\Lib\site-packages\grpc\experimental\aio\__init__.py first seen with mtime 1737702312.5990381
File D:\Python\Python\auto_auction\.venv\Lib\site-packages\google\api\launch_stage_pb2.py first seen with mtime 1737702312.9483874
File D:\Python\Python\auto_auction\.venv\Lib\site-packages\pyasn1\codec\der\__init__.py first seen with mtime 1737702312.337797
File D:\Python\Python\auto_auction\.venv\Lib\site-packages\django\contrib\sessions\base_session.py first seen with mtime 1735923056.6891441
File C:\Users\user\AppData\Local\Programs\Python\Python312\Lib\wsgiref\__init__.py first seen with mtime 1722960152.0
File D:\Python\Python\auto_auction\manage.py first seen with mtime 1735923343.4447217
File D:\Python\Python\auto_auction\.venv\Lib\site-packages\django\core\signals.py first seen with mtime 1735923056.7753012
File D:\Python\Python\auto_auction\.venv\Lib\site-packages\google\api\client_pb2.py first seen with mtime 1737702312.940227
File D:\Python\Python\auto_auction\.venv\Lib\site-packages\idna\package_data.py first seen with mtime 1735920684.6452036
File D:\Python\Python\auto_auction\.venv\Lib\site-packages\django\core\files\temp.py first seen with mtime 1735923056.7858033
File D:\Python\Python\auto_auction\.venv\Lib\site-packages\django\template\defaulttags.py first seen with mtime 1735923056.8388982
File D:\Python\Python\auto_auction\.venv\Lib\site-packages\grpc_status\_async.py first seen with mtime 1737702313.0223718
File D:\Python\Python\auto_auction\auto_auction\admin.py first seen with mtime 1736507223.9715302
File D:\Python\Python\auto_auction\.venv\Lib\site-packages\django\contrib\contenttypes\checks.py first seen with mtime 1735923056.4277024
File C:\Users\user\AppData\Local\Programs\Python\Python312\Lib\email\_policybase.py first seen with mtime 1722960150.0
File C:\Users\user\AppData\Local\Programs\Python\Python312\Lib\email\message.py first seen with mtime 1722960150.0
File C:\Users\user\AppData\Local\Programs\Python\Python312\Lib\importlib\metadata\_text.py first seen with mtime 1722960152.0
File C:\Users\user\AppData\Local\Programs\Python\Python312\Lib\importlib\readers.py first seen with mtime 1722960152.0
File D:\Python\Python\auto_auction\.venv\Lib\site-packages\sqlparse\utils.py first seen with mtime 1735923056.004196
File D:\Python\Python\auto_auction\.venv\Lib\site-packages\requests\exceptions.py first seen with mtime 1735920684.7642784
File D:\Python\Python\auto_auction\.venv\Lib\site-packages\django\db\migrations\state.py first seen with mtime 1735923056.8069372
File D:\Python\Python\auto_auction\.venv\Lib\site-packages\django\middleware\__init__.py first seen with mtime 1735923056.8388982
File C:\Users\user\AppData\Local\Programs\Python\Python312\Lib\collections\abc.py first seen with mtime 1722960150.0
File D:\Python\Python\auto_auction\.venv\Lib\site-packages\django\core\files\base.py first seen with mtime 1735923056.7858033
File D:\Python\Python\auto_auction\.venv\Lib\site-packages\django\forms\__init__.py first seen with mtime 1735923056.8175843
File D:\Python\Python\auto_auction\.venv\Lib\site-packages\pyasn1\type\constraint.py first seen with mtime 1737702312.337797
File C:\Users\user\AppData\Local\Programs\Python\Python312\Lib\concurrent\__init__.py first seen with mtime 1722960150.0
File C:\Users\user\AppData\Local\Programs\Python\Python312\Lib\zipfile\_path\__init__.py first seen with mtime 1722960152.0
File D:\Python\Python\auto_auction\.venv\Lib\site-packages\django\db\models\fields\reverse_related.py first seen with mtime 1735923056.8175843
File D:\Python\Python\auto_auction\.venv\Lib\site-packages\django\core\handlers\base.py first seen with mtime 1735923056.7858033
File C:\Users\user\AppData\Local\Programs\Python\Python312\Lib\subprocess.py first seen with mtime 1722960152.0
File D:\Python\Python\auto_auction\.venv\Lib\site-packages\django\urls\__init__.py first seen with mtime 1735923056.8494086
File D:\Python\Python\auto_auction\.venv\Lib\site-packages\google\_upb\_message.pyd first seen with mtime 1737702312.411099
File D:\Python\Python\auto_auction\.venv\Lib\site-packages\django\utils\itercompat.py first seen with mtime 1735923056.8494086
File D:\Python\Python\auto_auction\.venv\Lib\site-packages\google\cloud\secretmanager_v1\services\secret_manager_service\transports\base.py first seen with mtime 1737702313.2421799
File D:\Python\Python\auto_auction\.venv\Lib\site-packages\proto\utils.py first seen with mtime 1737702312.9046054
File D:\Python\Python\auto_auction\.venv\Lib\site-packages\grpc\_common.py first seen with mtime 1737702312.5411406
File D:\Python\Python\auto_auction\.venv\Lib\site-packages\django\contrib\messages\utils.py first seen with mtime 1735923056.6150079
File D:\Python\Python\auto_auction\.venv\Lib\site-packages\proto\version.py first seen with mtime 1737702312.9046054
File D:\Python\Python\auto_auction\.venv\Lib\site-packages\rest_framework\response.py first seen with mtime 1736398257.4104695
File D:\Python\Python\auto_auction\.venv\Lib\site-packages\django\db\models\fields\proxy.py first seen with mtime 1735923056.8175843
File D:\Python\Python\auto_auction\.venv\Lib\site-packages\rest_framework\schemas\generators.py first seen with mtime 1736398257.4530141
File D:\Python\Python\auto_auction\.venv\Lib\site-packages\django\forms\forms.py first seen with mtime 1735923056.8258882
File D:\Python\Python\auto_auction\.venv\Lib\site-packages\google\auth\_service_account_info.py first seen with mtime 1737702313.0314977
File C:\Users\user\AppData\Local\Programs\Python\Python312\Lib\asyncio\streams.py first seen with mtime 1722960150.0
File D:\Python\Python\auto_auction\.venv\Lib\site-packages\django\contrib\staticfiles\views.py first seen with mtime 1735923056.7753012
File D:\Python\Python\auto_auction\.venv\Lib\site-packages\proto\marshal\rules\wrappers.py first seen with mtime 1737702312.9126475
File D:\Python\Python\auto_auction\auto_auction\views.py first seen with mtime 1736720760.434091
File D:\Python\Python\auto_auction\.venv\Lib\site-packages\grpc\aio\_metadata.py first seen with mtime 1737702312.5990381
File D:\Python\Python\auto_auction\.venv\Lib\site-packages\charset_normalizer\version.py first seen with mtime 1735920684.717817
File C:\Users\user\AppData\Local\Programs\Python\Python312\Lib\asyncio\trsock.py first seen with mtime 1722960150.0
File D:\Python\Python\auto_auction\.venv\Lib\site-packages\django\contrib\admin\templatetags\admin_modify.py first seen with mtime 1735923056.3089273
File D:\Python\Python\auto_auction\.venv\Lib\site-packages\sqlparse\tokens.py first seen with mtime 1735923056.004196
File D:\Python\Python\auto_auction\.venv\Lib\site-packages\django\db\models\fields\related_lookups.py first seen with mtime 1735923056.8175843
File D:\Python\Python\auto_auction\.venv\Lib\site-packages\django\views\decorators\cache.py first seen with mtime 1735923056.8600478
File D:\Python\Python\auto_auction\.venv\Lib\site-packages\rest_framework\settings.py first seen with mtime 1736398257.4104695
File D:\Python\Python\auto_auction\.venv\Lib\site-packages\proto\marshal\collections\__init__.py first seen with mtime 1737702312.9046054
File D:\Python\Python\auto_auction\.venv\Lib\site-packages\google\api_core\grpc_helpers.py first seen with mtime 1737702313.1573577
File D:\Python\Python\auto_auction\.venv\Lib\site-packages\django\core\files\storage\__init__.py first seen with mtime 1735923056.7858033
File D:\Python\Python\auto_auction\.venv\Lib\site-packages\pyasn1\type\univ.py first seen with mtime 1737702312.3460011
File C:\Users\user\AppData\Local\Programs\Python\Python312\Lib\difflib.py first seen with mtime 1722960150.0
File D:\Python\Python\auto_auction\.venv\Lib\site-packages\pyasn1\type\namedtype.py first seen with mtime 1737702312.3460011
File D:\Python\Python\auto_auction\.venv\Lib\site-packages\urllib3\http2\__init__.py first seen with mtime 1735920684.4038143
File D:\Python\Python\auto_auction\.venv\Lib\site-packages\rest_framework\permissions.py first seen with mtime 1736398257.4104695
File D:\Python\Python\auto_auction\.venv\Lib\site-packages\rest_framework\utils\formatting.py first seen with mtime 1736398257.4687626
File C:\Users\user\AppData\Local\Programs\Python\Python312\Lib\struct.py first seen with mtime 1722960152.0
File C:\Users\user\AppData\Local\Programs\Python\Python312\Lib\xml\dom\xmlbuilder.py first seen with mtime 1722960152.0
File D:\Python\Python\auto_auction\.venv\Lib\site-packages\django\contrib\admin\filters.py first seen with mtime 1735923056.1819043
File C:\Users\user\AppData\Local\Programs\Python\Python312\Lib\_compat_pickle.py first seen with mtime 1722960150.0
File D:\Python\Python\auto_auction\.venv\Lib\site-packages\django\contrib\auth\models.py first seen with mtime 1735923056.374886
File D:\Python\Python\auto_auction\.venv\Lib\site-packages\dotenv\parser.py first seen with mtime 1735929953.9052575
File C:\Users\user\AppData\Local\Programs\Python\Python312\Lib\mimetypes.py first seen with mtime 1722960152.0
File D:\Python\Python\auto_auction\.venv\Lib\site-packages\proto\marshal\rules\stringy_numbers.py first seen with mtime 1737702312.9046054
File D:\Python\Python\auto_auction\.venv\Lib\site-packages\django\views\generic\detail.py first seen with mtime 1735923056.8600478
File D:\Python\Python\auto_auction\.venv\Lib\site-packages\google\auth\_credentials_base.py first seen with mtime 1737702313.0314977
File D:\Python\Python\auto_auction\.venv\Lib\site-packages\proto\modules.py first seen with mtime 1737702312.9046054
File D:\Python\Python\auto_auction\.venv\Lib\site-packages\django\template\utils.py first seen with mtime 1735923056.8388982
File D:\Python\Python\auto_auction\.venv\Lib\site-packages\google\cloud\secretmanager_v1\services\secret_manager_service\transports\rest.py first seen with mtime 1737702313.2421799
File D:\Python\Python\auto_auction\.venv\Lib\site-packages\django\contrib\messages\middleware.py first seen with mtime 1735923056.6150079
File D:\Python\Python\auto_auction\.venv\Lib\site-packages\urllib3\util\timeout.py first seen with mtime 1735920684.4119742
File D:\Python\Python\auto_auction\.venv\Lib\site-packages\django\core\mail\utils.py first seen with mtime 1735923056.7858033
File D:\Python\Python\auto_auction\.venv\Lib\site-packages\django\template\exceptions.py first seen with mtime 1735923056.8388982
File D:\Python\Python\auto_auction\.venv\Lib\site-packages\django\middleware\cache.py first seen with mtime 1735923056.8388982
File C:\Users\user\AppData\Local\Programs\Python\Python312\Lib\pkgutil.py first seen with mtime 1722960152.0
File D:\Python\Python\auto_auction\.venv\Lib\site-packages\rsa\key.py first seen with mtime 1737702312.7003284
File C:\Users\user\AppData\Local\Programs\Python\Python312\Lib\email\parser.py first seen with mtime 1722960150.0
File D:\Python\Python\auto_auction\.venv\Lib\site-packages\pyasn1\type\useful.py first seen with mtime 1737702312.3460011
File D:\Python\Python\auto_auction\.venv\Lib\site-packages\django\db\backends\base\schema.py first seen with mtime 1735923056.796448
File C:\Users\user\AppData\Local\Programs\Python\Python312\Lib\tempfile.py first seen with mtime 1722960152.0
File C:\Users\user\AppData\Local\Programs\Python\Python312\Lib\concurrent\futures\thread.py first seen with mtime 1722960150.0
File D:\Python\Python\auto_auction\.venv\Lib\site-packages\django\forms\models.py first seen with mtime 1735923056.8258882
File D:\Python\Python\auto_auction\.venv\Lib\site-packages\django\contrib\admin\views\main.py first seen with mtime 1735923056.3112838
File D:\Python\Python\auto_auction\.venv\Lib\site-packages\urllib3\fields.py first seen with mtime 1735920684.4038143
File D:\Python\Python\auto_auction\.venv\Lib\site-packages\django\utils\translation\reloader.py first seen with mtime 1735923056.8577273
File D:\Python\Python\auto_auction\.venv\Lib\site-packages\django\contrib\sessions\backends\__init__.py first seen with mtime 1735923056.6914623
File D:\Python\Python\auto_auction\server\__init__.py first seen with mtime 1735923343.4447217
File C:\Users\user\AppData\Local\Programs\Python\Python312\Lib\asyncio\staggered.py first seen with mtime 1722960150.0
File D:\Python\Python\auto_auction\.venv\Lib\site-packages\django\db\migrations\operations\models.py first seen with mtime 1735923056.8069372
File D:\Python\Python\auto_auction\.venv\Lib\site-packages\pyasn1\codec\ber\decoder.py first seen with mtime 1737702312.337797
File D:\Python\Python\auto_auction\.venv\Lib\site-packages\django\core\serializers\json.py first seen with mtime 1735923056.796448
File D:\Python\Python\auto_auction\secret.py first seen with mtime 1737712553.2088077
File C:\Users\user\AppData\Local\Programs\Python\Python312\Lib\zipfile\_path\glob.py first seen with mtime 1722960152.0
File D:\Python\Python\auto_auction\.venv\Lib\site-packages\google\api_core\__init__.py first seen with mtime 1737702313.1573577
File D:\Python\Python\auto_auction\.venv\Lib\site-packages\django\db\models\functions\comparison.py first seen with mtime 1735923056.8175843
File D:\Python\Python\auto_auction\.venv\Lib\site-packages\django\db\models\functions\datetime.py first seen with mtime 1735923056.8175843
File D:\Python\Python\auto_auction\.venv\Lib\site-packages\google\auth\_refresh_worker.py first seen with mtime 1737702313.0314977
File C:\Users\user\AppData\Local\Programs\Python\Python312\Lib\importlib\metadata\_meta.py first seen with mtime 1722960152.0
File D:\Python\Python\auto_auction\.venv\Lib\site-packages\proto\marshal\marshal.py first seen with mtime 1737702312.9046054
File D:\Python\Python\auto_auction\.venv\Lib\site-packages\rest_framework\parsers.py first seen with mtime 1736398257.4104695
File D:\Python\Python\auto_auction\.venv\Lib\site-packages\django\contrib\admin\helpers.py first seen with mtime 1735923056.1819043
File D:\Python\Python\auto_auction\.venv\Lib\site-packages\django\db\models\utils.py first seen with mtime 1735923056.8175843
File D:\Python\Python\auto_auction\.venv\Lib\site-packages\django\contrib\admin\checks.py first seen with mtime 1735923056.1716864
File D:\Python\Python\auto_auction\.venv\Lib\site-packages\django\contrib\sessions\middleware.py first seen with mtime 1735923056.6912754
File D:\Python\Python\auto_auction\.venv\Lib\site-packages\django\views\static.py first seen with mtime 1735923056.8577273
File D:\Python\Python\auto_auction\.venv\Lib\site-packages\sqlparse\filters\reindent.py first seen with mtime 1735923056.0198054
File D:\Python\Python\auto_auction\.venv\Lib\site-packages\google\cloud\secretmanager_v1\types\resources.py first seen with mtime 1737702313.2421799
File D:\Python\Python\auto_auction\.venv\Lib\site-packages\urllib3\_base_connection.py first seen with mtime 1735920684.383857
File C:\Users\user\AppData\Local\Programs\Python\Python312\Lib\email\mime\nonmultipart.py first seen with mtime 1722960150.0
File D:\Python\Python\auto_auction\.venv\Lib\site-packages\requests\hooks.py first seen with mtime 1735920684.7642784
File D:\Python\Python\auto_auction\.venv\Lib\site-packages\django\views\decorators\__init__.py first seen with mtime 1735923056.8600478
File D:\Python\Python\auto_auction\.venv\Lib\site-packages\django\core\management\color.py first seen with mtime 1735923056.7858033
File D:\Python\Python\auto_auction\.venv\Lib\site-packages\django\core\checks\registry.py first seen with mtime 1735923056.7858033
File D:\Python\Python\auto_auction\.venv\Lib\site-packages\google\api\http_pb2.py first seen with mtime 1737702312.9483874
File D:\Python\Python\auto_auction\.venv\Lib\site-packages\django\utils\duration.py first seen with mtime 1735923056.8494086
File C:\Users\user\AppData\Local\Programs\Python\Python312\Lib\asyncio\taskgroups.py first seen with mtime 1722960150.0
File D:\Python\Python\auto_auction\.venv\Lib\site-packages\google\cloud\secretmanager_v1\services\secret_manager_service\transports\grpc_asyncio.py first seen with mtime 1737702313.2421799
File D:\Python\Python\auto_auction\.venv\Lib\site-packages\urllib3\util\response.py first seen with mtime 1735920684.4038143
File D:\Python\Python\auto_auction\.venv\Lib\site-packages\urllib3\util\request.py first seen with mtime 1735920684.4038143
File C:\Users\user\AppData\Local\Programs\Python\Python312\Lib\argparse.py first seen with mtime 1722960150.0
File D:\Python\Python\auto_auction\.venv\Lib\site-packages\sqlparse\engine\filter_stack.py first seen with mtime 1735923056.004196
File D:\Python\Python\auto_auction\.venv\Lib\site-packages\proto\marshal\rules\struct.py first seen with mtime 1737702312.9046054
File C:\Users\user\AppData\Local\Programs\Python\Python312\Lib\getpass.py first seen with mtime 1722960150.0
File D:\Python\Python\auto_auction\.venv\Lib\site-packages\django\db\models\functions\__init__.py first seen with mtime 1735923056.8175843
File D:\Python\Python\auto_auction\.venv\Lib\site-packages\django\db\models\fields\json.py first seen with mtime 1735923056.8175843
File D:\Python\Python\auto_auction\.venv\Lib\site-packages\pyasn1\codec\cer\__init__.py first seen with mtime 1737702312.337797
File D:\Python\Python\auto_auction\.venv\Lib\site-packages\rest_framework\renderers.py first seen with mtime 1736398257.4104695
File C:\Users\user\AppData\Local\Programs\Python\Python312\Lib\asyncio\constants.py first seen with mtime 1722960150.0
File D:\Python\Python\auto_auction\.venv\Lib\site-packages\django\views\i18n.py first seen with mtime 1735923056.8577273
File D:\Python\Python\auto_auction\.venv\Lib\site-packages\django\contrib\messages\api.py first seen with mtime 1735923056.6150079
File D:\Python\Python\auto_auction\.venv\Lib\site-packages\django\core\checks\security\base.py first seen with mtime 1735923056.7858033
File D:\Python\Python\auto_auction\.venv\Lib\site-packages\grpc\aio\_utils.py first seen with mtime 1737702312.5990381
File D:\Python\Python\auto_auction\.venv\Lib\site-packages\django\core\handlers\exception.py first seen with mtime 1735923056.7858033
File C:\Users\user\AppData\Local\Programs\Python\Python312\DLLs\_wmi.pyd first seen with mtime 1722960196.0
File D:\Python\Python\auto_auction\.venv\Lib\site-packages\charset_normalizer\md.cp312-win_amd64.pyd first seen with mtime 1735920684.7096403
File D:\Python\Python\auto_auction\.venv\Lib\site-packages\django\template\loaders\filesystem.py first seen with mtime 1735923056.8388982
File D:\Python\Python\auto_auction\.venv\Lib\site-packages\django\utils\numberformat.py first seen with mtime 1735923056.8494086
File D:\Python\Python\auto_auction\.venv\Lib\site-packages\django\utils\text.py first seen with mtime 1735923056.8494086
File D:\Python\Python\auto_auction\.venv\Lib\site-packages\pyasn1\__init__.py first seen with mtime 1737702312.3287477
File D:\Python\Python\auto_auction\.venv\Lib\site-packages\google\cloud\secretmanager_v1\services\__init__.py first seen with mtime 1737702313.233959
File D:\Python\Python\auto_auction\.venv\Lib\site-packages\django\db\models\functions\text.py first seen with mtime 1735923056.8175843
File D:\Python\Python\auto_auction\.venv\Lib\site-packages\django\contrib\__init__.py first seen with mtime 1735923056.1716864
File D:\Python\Python\auto_auction\.venv\Lib\site-packages\django\test\testcases.py first seen with mtime 1735923056.8494086
File D:\Python\Python\auto_auction\.venv\Lib\site-packages\django\contrib\sites\shortcuts.py first seen with mtime 1735923056.73372
File D:\Python\Python\auto_auction\.venv\Lib\site-packages\requests\status_codes.py first seen with mtime 1735920684.7642784
File C:\Users\user\AppData\Local\Programs\Python\Python312\Lib\heapq.py first seen with mtime 1722960150.0
File C:\Users\user\AppData\Local\Programs\Python\Python312\Lib\graphlib.py first seen with mtime 1722960150.0
File D:\Python\Python\auto_auction\.venv\Lib\site-packages\rest_framework\schemas\coreapi.py first seen with mtime 1736398257.4530141
File D:\Python\Python\auto_auction\.venv\Lib\site-packages\psycopg2\errors.py first seen with mtime 1735929203.4675832
File D:\Python\Python\auto_auction\.venv\Lib\site-packages\django\template\loaders\cached.py first seen with mtime 1735923056.8388982
File D:\Python\Python\auto_auction\.venv\Lib\site-packages\django\urls\exceptions.py first seen with mtime 1735923056.8494086
File D:\Python\Python\auto_auction\.venv\Lib\site-packages\django\contrib\postgres\forms\ranges.py first seen with mtime 1735923056.6173246
File C:\Users\user\AppData\Local\Programs\Python\Python312\Lib\asyncio\base_events.py first seen with mtime 1722960150.0
File D:\Python\Python\auto_auction\.venv\Lib\site-packages\django\conf\global_settings.py first seen with mtime 1735923056.0891273
File D:\Python\Python\auto_auction\.venv\Lib\site-packages\django\template\loader.py first seen with mtime 1735923056.8388982
File D:\Python\Python\auto_auction\.venv\Lib\site-packages\django\middleware\common.py first seen with mtime 1735923056.8388982
File C:\Users\user\AppData\Local\Programs\Python\Python312\Lib\http\client.py first seen with mtime 1722960150.0
File D:\Python\Python\auto_auction\.venv\Lib\site-packages\django\utils\translation\trans_real.py first seen with mtime 1735923056.8577273
File D:\Python\Python\auto_auction\.venv\Lib\site-packages\requests\__init__.py first seen with mtime 1735920684.7642784
File C:\Users\user\AppData\Local\Programs\Python\Python312\Lib\bz2.py first seen with mtime 1722960150.0
File D:\Python\Python\auto_auction\.venv\Lib\site-packages\django\core\checks\compatibility\django_4_0.py first seen with mtime 1735923056.7858033
File D:\Python\Python\auto_auction\.venv\Lib\site-packages\django\core\management\commands\runserver.py first seen with mtime 1735923056.7941298
File C:\Users\user\AppData\Local\Programs\Python\Python312\Lib\queue.py first seen with mtime 1722960152.0
File D:\Python\Python\auto_auction\.venv\Lib\site-packages\charset_normalizer\cd.py first seen with mtime 1735920684.7096403
File D:\Python\Python\auto_auction\.venv\Lib\site-packages\django\contrib\admin\templatetags\admin_urls.py first seen with mtime 1735923056.3089273
File D:\Python\Python\auto_auction\.venv\Lib\site-packages\google\protobuf\__init__.py first seen with mtime 1737702312.411099
File C:\Users\user\AppData\Local\Programs\Python\Python312\Lib\gettext.py first seen with mtime 1722960150.0
File C:\Users\user\AppData\Local\Programs\Python\Python312\Lib\asyncio\timeouts.py first seen with mtime 1722960150.0
File D:\Python\Python\auto_auction\.venv\Lib\site-packages\django\contrib\admin\widgets.py first seen with mtime 1735923056.1841762
File C:\Users\user\AppData\Local\Programs\Python\Python312\Lib\asyncio\tasks.py first seen with mtime 1722960150.0
File D:\Python\Python\auto_auction\.venv\Lib\site-packages\django\test\signals.py first seen with mtime 1735923056.8470917
File D:\Python\Python\auto_auction\.venv\Lib\site-packages\grpc\aio\_interceptor.py first seen with mtime 1737702312.5990381
File C:\Users\user\AppData\Local\Programs\Python\Python312\Lib\platform.py first seen with mtime 1722960152.0
File C:\Users\user\AppData\Local\Programs\Python\Python312\Lib\concurrent\futures\_base.py first seen with mtime 1722960150.0
File D:\Python\Python\auto_auction\.venv\Lib\site-packages\django\db\backends\base\operations.py first seen with mtime 1735923056.796448
File C:\Users\user\AppData\Local\Programs\Python\Python312\DLLs\_hashlib.pyd first seen with mtime 1722960196.0
File D:\Python\Python\auto_auction\auto_auction\serializers.py first seen with mtime 1736398832.523726
File D:\Python\Python\auto_auction\.venv\Lib\site-packages\google\api_core\rest_streaming.py first seen with mtime 1737702313.1573577
File C:\Users\user\AppData\Local\Programs\Python\Python312\Lib\pickle.py first seen with mtime 1722960152.0
File D:\Python\Python\auto_auction\.venv\Lib\site-packages\proto\marshal\rules\message.py first seen with mtime 1737702312.9046054
File C:\Users\user\AppData\Local\Programs\Python\Python312\Lib\asyncio\coroutines.py first seen with mtime 1722960150.0
File D:\Python\Python\auto_auction\.venv\Lib\site-packages\django\core\handlers\wsgi.py first seen with mtime 1735923056.7858033
File C:\Users\user\AppData\Local\Programs\Python\Python312\Lib\email\contentmanager.py first seen with mtime 1722960150.0
File D:\Python\Python\auto_auction\.venv\Lib\site-packages\django\views\decorators\debug.py first seen with mtime 1735923056.8600478
File D:\Python\Python\auto_auction\.venv\Lib\site-packages\google\cloud\secretmanager_v1\services\secret_manager_service\__init__.py first seen with mtime 1737702313.2421799
File D:\Python\Python\auto_auction\.venv\Lib\site-packages\rsa\core.py first seen with mtime 1737702312.7003284
File C:\Users\user\AppData\Local\Programs\Python\Python312\Lib\ctypes\__init__.py first seen with mtime 1722960150.0
File C:\Users\user\AppData\Local\Programs\Python\Python312\Lib\http\server.py first seen with mtime 1722960150.0
File C:\Users\user\AppData\Local\Programs\Python\Python312\Lib\asyncio\base_subprocess.py first seen with mtime 1722960150.0
File D:\Python\Python\auto_auction\.venv\Lib\site-packages\google\auth\crypt\rsa.py first seen with mtime 1737702313.0395381
File D:\Python\Python\auto_auction\.venv\Lib\site-packages\proto\message.py first seen with mtime 1737702312.9046054
File D:\Python\Python\auto_auction\.venv\Lib\site-packages\django\db\utils.py first seen with mtime 1735923056.796448
File D:\Python\Python\auto_auction\.venv\Lib\site-packages\django\db\backends\signals.py first seen with mtime 1735923056.796448
File D:\Python\Python\auto_auction\.venv\Lib\site-packages\rest_framework\templates\rest_framework first seen with mtime 1736398257.4687626
File D:\Python\Python\auto_auction\.venv\Lib\site-packages\rest_framework\templates\rest_framework\admin first seen with mtime 1736398257.4687626
File D:\Python\Python\auto_auction\.venv\Lib\site-packages\rest_framework\templates\rest_framework\admin.html first seen with mtime 1736398257.4687626
File D:\Python\Python\auto_auction\.venv\Lib\site-packages\rest_framework\templates\rest_framework\api.html first seen with mtime 1736398257.4687626
File D:\Python\Python\auto_auction\.venv\Lib\site-packages\rest_framework\templates\rest_framework\base.html first seen with mtime 1736398257.4687626
File D:\Python\Python\auto_auction\.venv\Lib\site-packages\rest_framework\templates\rest_framework\docs first seen with mtime 1736398257.4687626
File D:\Python\Python\auto_auction\.venv\Lib\site-packages\rest_framework\templates\rest_framework\filters first seen with mtime 1736398257.4687626
File D:\Python\Python\auto_auction\.venv\Lib\site-packages\rest_framework\templates\rest_framework\horizontal first seen with mtime 1736398257.4687626
File D:\Python\Python\auto_auction\.venv\Lib\site-packages\rest_framework\templates\rest_framework\inline first seen with mtime 1736398257.4687626
File D:\Python\Python\auto_auction\.venv\Lib\site-packages\rest_framework\templates\rest_framework\login.html first seen with mtime 1736398257.4687626
File D:\Python\Python\auto_auction\.venv\Lib\site-packages\rest_framework\templates\rest_framework\login_base.html first seen with mtime 1736398257.4687626
File D:\Python\Python\auto_auction\.venv\Lib\site-packages\rest_framework\templates\rest_framework\pagination first seen with mtime 1736398257.4687626
File D:\Python\Python\auto_auction\.venv\Lib\site-packages\rest_framework\templates\rest_framework\raw_data_form.html first seen with mtime 1736398257.4687626
File D:\Python\Python\auto_auction\.venv\Lib\site-packages\rest_framework\templates\rest_framework\schema.js first seen with mtime 1736398257.4687626
File D:\Python\Python\auto_auction\.venv\Lib\site-packages\rest_framework\templates\rest_framework\vertical first seen with mtime 1736398257.4687626
File D:\Python\Python\auto_auction\.venv\Lib\site-packages\rest_framework\templates\rest_framework\admin\detail.html first seen with mtime 1736398257.4687626
File D:\Python\Python\auto_auction\.venv\Lib\site-packages\rest_framework\templates\rest_framework\admin\dict_value.html first seen with mtime 1736398257.4687626
File D:\Python\Python\auto_auction\.venv\Lib\site-packages\rest_framework\templates\rest_framework\admin\list.html first seen with mtime 1736398257.4687626
File D:\Python\Python\auto_auction\.venv\Lib\site-packages\rest_framework\templates\rest_framework\admin\list_value.html first seen with mtime 1736398257.4687626
File D:\Python\Python\auto_auction\.venv\Lib\site-packages\rest_framework\templates\rest_framework\admin\simple_list_value.html first seen with mtime 1736398257.4687626
File D:\Python\Python\auto_auction\.venv\Lib\site-packages\rest_framework\templates\rest_framework\docs\auth first seen with mtime 1736398257.4687626
File D:\Python\Python\auto_auction\.venv\Lib\site-packages\rest_framework\templates\rest_framework\docs\document.html first seen with mtime 1736398257.4687626
File D:\Python\Python\auto_auction\.venv\Lib\site-packages\rest_framework\templates\rest_framework\docs\error.html first seen with mtime 1736398257.4687626
File D:\Python\Python\auto_auction\.venv\Lib\site-packages\rest_framework\templates\rest_framework\docs\index.html first seen with mtime 1736398257.4687626
File D:\Python\Python\auto_auction\.venv\Lib\site-packages\rest_framework\templates\rest_framework\docs\interact.html first seen with mtime 1736398257.4687626
File D:\Python\Python\auto_auction\.venv\Lib\site-packages\rest_framework\templates\rest_framework\docs\langs first seen with mtime 1736398257.4687626
File D:\Python\Python\auto_auction\.venv\Lib\site-packages\rest_framework\templates\rest_framework\docs\link.html first seen with mtime 1736398257.4687626
File D:\Python\Python\auto_auction\.venv\Lib\site-packages\rest_framework\templates\rest_framework\docs\sidebar.html first seen with mtime 1736398257.4687626
File D:\Python\Python\auto_auction\.venv\Lib\site-packages\rest_framework\templates\rest_framework\filters\base.html first seen with mtime 1736398257.4687626
File D:\Python\Python\auto_auction\.venv\Lib\site-packages\rest_framework\templates\rest_framework\filters\ordering.html first seen with mtime 1736398257.4687626
File D:\Python\Python\auto_auction\.venv\Lib\site-packages\rest_framework\templates\rest_framework\filters\search.html first seen with mtime 1736398257.4687626
File D:\Python\Python\auto_auction\.venv\Lib\site-packages\rest_framework\templates\rest_framework\horizontal\checkbox.html first seen with mtime 1736398257.4687626
File D:\Python\Python\auto_auction\.venv\Lib\site-packages\rest_framework\templates\rest_framework\horizontal\checkbox_multiple.html first seen with mtime 1736398257.4687626
File D:\Python\Python\auto_auction\.venv\Lib\site-packages\rest_framework\templates\rest_framework\horizontal\dict_field.html first seen with mtime 1736398257.4687626
File D:\Python\Python\auto_auction\.venv\Lib\site-packages\rest_framework\templates\rest_framework\horizontal\fieldset.html first seen with mtime 1736398257.4687626
File D:\Python\Python\auto_auction\.venv\Lib\site-packages\rest_framework\templates\rest_framework\horizontal\form.html first seen with mtime 1736398257.4687626
File D:\Python\Python\auto_auction\.venv\Lib\site-packages\rest_framework\templates\rest_framework\horizontal\input.html first seen with mtime 1736398257.4687626
File D:\Python\Python\auto_auction\.venv\Lib\site-packages\rest_framework\templates\rest_framework\horizontal\list_field.html first seen with mtime 1736398257.4687626
File D:\Python\Python\auto_auction\.venv\Lib\site-packages\rest_framework\templates\rest_framework\horizontal\list_fieldset.html first seen with mtime 1736398257.4687626
File D:\Python\Python\auto_auction\.venv\Lib\site-packages\rest_framework\templates\rest_framework\horizontal\radio.html first seen with mtime 1736398257.4687626
File D:\Python\Python\auto_auction\.venv\Lib\site-packages\rest_framework\templates\rest_framework\horizontal\select.html first seen with mtime 1736398257.4687626
File D:\Python\Python\auto_auction\.venv\Lib\site-packages\rest_framework\templates\rest_framework\horizontal\select_multiple.html first seen with mtime 1736398257.4687626
File D:\Python\Python\auto_auction\.venv\Lib\site-packages\rest_framework\templates\rest_framework\horizontal\textarea.html first seen with mtime 1736398257.4687626
File D:\Python\Python\auto_auction\.venv\Lib\site-packages\rest_framework\templates\rest_framework\inline\checkbox.html first seen with mtime 1736398257.4687626
File D:\Python\Python\auto_auction\.venv\Lib\site-packages\rest_framework\templates\rest_framework\inline\checkbox_multiple.html first seen with mtime 1736398257.4687626
File D:\Python\Python\auto_auction\.venv\Lib\site-packages\rest_framework\templates\rest_framework\inline\dict_field.html first seen with mtime 1736398257.4687626
File D:\Python\Python\auto_auction\.venv\Lib\site-packages\rest_framework\templates\rest_framework\inline\fieldset.html first seen with mtime 1736398257.4687626
File D:\Python\Python\auto_auction\.venv\Lib\site-packages\rest_framework\templates\rest_framework\inline\form.html first seen with mtime 1736398257.4687626
File D:\Python\Python\auto_auction\.venv\Lib\site-packages\rest_framework\templates\rest_framework\inline\input.html first seen with mtime 1736398257.4687626
File D:\Python\Python\auto_auction\.venv\Lib\site-packages\rest_framework\templates\rest_framework\inline\list_field.html first seen with mtime 1736398257.4687626
File D:\Python\Python\auto_auction\.venv\Lib\site-packages\rest_framework\templates\rest_framework\inline\list_fieldset.html first seen with mtime 1736398257.4687626
File D:\Python\Python\auto_auction\.venv\Lib\site-packages\rest_framework\templates\rest_framework\inline\radio.html first seen with mtime 1736398257.4687626
File D:\Python\Python\auto_auction\.venv\Lib\site-packages\rest_framework\templates\rest_framework\inline\select.html first seen with mtime 1736398257.4687626
File D:\Python\Python\auto_auction\.venv\Lib\site-packages\rest_framework\templates\rest_framework\inline\select_multiple.html first seen with mtime 1736398257.4687626
File D:\Python\Python\auto_auction\.venv\Lib\site-packages\rest_framework\templates\rest_framework\inline\textarea.html first seen with mtime 1736398257.4687626
File D:\Python\Python\auto_auction\.venv\Lib\site-packages\rest_framework\templates\rest_framework\pagination\numbers.html first seen with mtime 1736398257.4687626
File D:\Python\Python\auto_auction\.venv\Lib\site-packages\rest_framework\templates\rest_framework\pagination\previous_and_next.html first seen with mtime 1736398257.4687626
File D:\Python\Python\auto_auction\.venv\Lib\site-packages\rest_framework\templates\rest_framework\vertical\checkbox.html first seen with mtime 1736398257.4687626
File D:\Python\Python\auto_auction\.venv\Lib\site-packages\rest_framework\templates\rest_framework\vertical\checkbox_multiple.html first seen with mtime 1736398257.4687626
File D:\Python\Python\auto_auction\.venv\Lib\site-packages\rest_framework\templates\rest_framework\vertical\dict_field.html first seen with mtime 1736398257.4687626
File D:\Python\Python\auto_auction\.venv\Lib\site-packages\rest_framework\templates\rest_framework\vertical\fieldset.html first seen with mtime 1736398257.4687626
File D:\Python\Python\auto_auction\.venv\Lib\site-packages\rest_framework\templates\rest_framework\vertical\form.html first seen with mtime 1736398257.4687626
File D:\Python\Python\auto_auction\.venv\Lib\site-packages\rest_framework\templates\rest_framework\vertical\input.html first seen with mtime 1736398257.4687626
File D:\Python\Python\auto_auction\.venv\Lib\site-packages\rest_framework\templates\rest_framework\vertical\list_field.html first seen with mtime 1736398257.4687626
File D:\Python\Python\auto_auction\.venv\Lib\site-packages\rest_framework\templates\rest_framework\vertical\list_fieldset.html first seen with mtime 1736398257.4687626
File D:\Python\Python\auto_auction\.venv\Lib\site-packages\rest_framework\templates\rest_framework\vertical\radio.html first seen with mtime 1736398257.4687626
File D:\Python\Python\auto_auction\.venv\Lib\site-packages\rest_framework\templates\rest_framework\vertical\select.html first seen with mtime 1736398257.4687626
File D:\Python\Python\auto_auction\.venv\Lib\site-packages\rest_framework\templates\rest_framework\vertical\select_multiple.html first seen with mtime 1736398257.4687626
File D:\Python\Python\auto_auction\.venv\Lib\site-packages\rest_framework\templates\rest_framework\vertical\textarea.html first seen with mtime 1736398257.4687626
File D:\Python\Python\auto_auction\.venv\Lib\site-packages\rest_framework\templates\rest_framework\docs\auth\basic.html first seen with mtime 1736398257.4687626
File D:\Python\Python\auto_auction\.venv\Lib\site-packages\rest_framework\templates\rest_framework\docs\auth\session.html first seen with mtime 1736398257.4687626
File D:\Python\Python\auto_auction\.venv\Lib\site-packages\rest_framework\templates\rest_framework\docs\auth\token.html first seen with mtime 1736398257.4687626
File D:\Python\Python\auto_auction\.venv\Lib\site-packages\rest_framework\templates\rest_framework\docs\langs\javascript-intro.html first seen with mtime 1736398257.4687626
File D:\Python\Python\auto_auction\.venv\Lib\site-packages\rest_framework\templates\rest_framework\docs\langs\javascript.html first seen with mtime 1736398257.4687626
File D:\Python\Python\auto_auction\.venv\Lib\site-packages\rest_framework\templates\rest_framework\docs\langs\python-intro.html first seen with mtime 1736398257.4687626
File D:\Python\Python\auto_auction\.venv\Lib\site-packages\rest_framework\templates\rest_framework\docs\langs\python.html first seen with mtime 1736398257.4687626
File D:\Python\Python\auto_auction\.venv\Lib\site-packages\rest_framework\templates\rest_framework\docs\langs\shell-intro.html first seen with mtime 1736398257.4687626
File D:\Python\Python\auto_auction\.venv\Lib\site-packages\rest_framework\templates\rest_framework\docs\langs\shell.html first seen with mtime 1736398257.4687626
File D:\Python\Python\auto_auction\templates\about.html first seen with mtime 1736720148.9064012
File D:\Python\Python\auto_auction\templates\contact_info.html first seen with mtime 1736830357.3933687
File D:\Python\Python\auto_auction\templates\feedback.html first seen with mtime 1736720092.4404104
File D:\Python\Python\auto_auction\templates\shop.html first seen with mtime 1736719837.2626224
File D:\Python\Python\auto_auction\.venv\Lib\site-packages\rest_framework\locale\ach\LC_MESSAGES\django.mo first seen with mtime 1736398257.4104695
File D:\Python\Python\auto_auction\.venv\Lib\site-packages\rest_framework\locale\ar\LC_MESSAGES\django.mo first seen with mtime 1736398257.4104695
File D:\Python\Python\auto_auction\.venv\Lib\site-packages\rest_framework\locale\az\LC_MESSAGES\django.mo first seen with mtime 1736398257.4262345
File D:\Python\Python\auto_auction\.venv\Lib\site-packages\rest_framework\locale\be\LC_MESSAGES\django.mo first seen with mtime 1736398257.4262345
File D:\Python\Python\auto_auction\.venv\Lib\site-packages\rest_framework\locale\bg\LC_MESSAGES\django.mo first seen with mtime 1736398257.428078
File D:\Python\Python\auto_auction\.venv\Lib\site-packages\rest_framework\locale\ca\LC_MESSAGES\django.mo first seen with mtime 1736398257.428078
File D:\Python\Python\auto_auction\.venv\Lib\site-packages\rest_framework\locale\ca_ES\LC_MESSAGES\django.mo first seen with mtime 1736398257.4293935
File D:\Python\Python\auto_auction\.venv\Lib\site-packages\rest_framework\locale\cs\LC_MESSAGES\django.mo first seen with mtime 1736398257.429992
File D:\Python\Python\auto_auction\.venv\Lib\site-packages\rest_framework\locale\da\LC_MESSAGES\django.mo first seen with mtime 1736398257.429992
File D:\Python\Python\auto_auction\.venv\Lib\site-packages\rest_framework\locale\de\LC_MESSAGES\django.mo first seen with mtime 1736398257.429992
File D:\Python\Python\auto_auction\.venv\Lib\site-packages\rest_framework\locale\el\LC_MESSAGES\django.mo first seen with mtime 1736398257.429992
File D:\Python\Python\auto_auction\.venv\Lib\site-packages\rest_framework\locale\el_GR\LC_MESSAGES\django.mo first seen with mtime 1736398257.429992
File D:\Python\Python\auto_auction\.venv\Lib\site-packages\rest_framework\locale\en\LC_MESSAGES\django.mo first seen with mtime 1736398257.4335082
File D:\Python\Python\auto_auction\.venv\Lib\site-packages\rest_framework\locale\en_AU\LC_MESSAGES\django.mo first seen with mtime 1736398257.4335082
File D:\Python\Python\auto_auction\.venv\Lib\site-packages\rest_framework\locale\en_CA\LC_MESSAGES\django.mo first seen with mtime 1736398257.4335082
File D:\Python\Python\auto_auction\.venv\Lib\site-packages\rest_framework\locale\en_US\LC_MESSAGES\django.mo first seen with mtime 1736398257.4335082
File D:\Python\Python\auto_auction\.venv\Lib\site-packages\rest_framework\locale\es\LC_MESSAGES\django.mo first seen with mtime 1736398257.4335082
File D:\Python\Python\auto_auction\.venv\Lib\site-packages\rest_framework\locale\et\LC_MESSAGES\django.mo first seen with mtime 1736398257.4335082
File D:\Python\Python\auto_auction\.venv\Lib\site-packages\rest_framework\locale\fa\LC_MESSAGES\django.mo first seen with mtime 1736398257.4335082
File D:\Python\Python\auto_auction\.venv\Lib\site-packages\rest_framework\locale\fa_IR\LC_MESSAGES\django.mo first seen with mtime 1736398257.4335082
File D:\Python\Python\auto_auction\.venv\Lib\site-packages\rest_framework\locale\fi\LC_MESSAGES\django.mo first seen with mtime 1736398257.4375143
File D:\Python\Python\auto_auction\.venv\Lib\site-packages\rest_framework\locale\fr\LC_MESSAGES\django.mo first seen with mtime 1736398257.4375143
File D:\Python\Python\auto_auction\.venv\Lib\site-packages\rest_framework\locale\fr_CA\LC_MESSAGES\django.mo first seen with mtime 1736398257.4375143
File D:\Python\Python\auto_auction\.venv\Lib\site-packages\rest_framework\locale\gl\LC_MESSAGES\django.mo first seen with mtime 1736398257.4375143
File D:\Python\Python\auto_auction\.venv\Lib\site-packages\rest_framework\locale\gl_ES\LC_MESSAGES\django.mo first seen with mtime 1736398257.4375143
File D:\Python\Python\auto_auction\.venv\Lib\site-packages\rest_framework\locale\he_IL\LC_MESSAGES\django.mo first seen with mtime 1736398257.4375143
File D:\Python\Python\auto_auction\.venv\Lib\site-packages\rest_framework\locale\hu\LC_MESSAGES\django.mo first seen with mtime 1736398257.4375143
File D:\Python\Python\auto_auction\.venv\Lib\site-packages\rest_framework\locale\hy\LC_MESSAGES\django.mo first seen with mtime 1736398257.4375143
File D:\Python\Python\auto_auction\.venv\Lib\site-packages\rest_framework\locale\id\LC_MESSAGES\django.mo first seen with mtime 1736398257.4375143
File D:\Python\Python\auto_auction\.venv\Lib\site-packages\rest_framework\locale\it\LC_MESSAGES\django.mo first seen with mtime 1736398257.4375143
File D:\Python\Python\auto_auction\.venv\Lib\site-packages\rest_framework\locale\ja\LC_MESSAGES\django.mo first seen with mtime 1736398257.4375143
File D:\Python\Python\auto_auction\.venv\Lib\site-packages\rest_framework\locale\ko_KR\LC_MESSAGES\django.mo first seen with mtime 1736398257.4375143
File D:\Python\Python\auto_auction\.venv\Lib\site-packages\rest_framework\locale\lt\LC_MESSAGES\django.mo first seen with mtime 1736398257.4375143
File D:\Python\Python\auto_auction\.venv\Lib\site-packages\rest_framework\locale\lv\LC_MESSAGES\django.mo first seen with mtime 1736398257.4375143
File D:\Python\Python\auto_auction\.venv\Lib\site-packages\rest_framework\locale\mk\LC_MESSAGES\django.mo first seen with mtime 1736398257.4375143
File D:\Python\Python\auto_auction\.venv\Lib\site-packages\rest_framework\locale\nb\LC_MESSAGES\django.mo first seen with mtime 1736398257.4375143
File D:\Python\Python\auto_auction\.venv\Lib\site-packages\rest_framework\locale\ne_NP\LC_MESSAGES\django.mo first seen with mtime 1736398257.4375143
File D:\Python\Python\auto_auction\.venv\Lib\site-packages\rest_framework\locale\nl\LC_MESSAGES\django.mo first seen with mtime 1736398257.4375143
File D:\Python\Python\auto_auction\.venv\Lib\site-packages\rest_framework\locale\nn\LC_MESSAGES\django.mo first seen with mtime 1736398257.4445176
File D:\Python\Python\auto_auction\.venv\Lib\site-packages\rest_framework\locale\no\LC_MESSAGES\django.mo first seen with mtime 1736398257.444722
File D:\Python\Python\auto_auction\.venv\Lib\site-packages\rest_framework\locale\pl\LC_MESSAGES\django.mo first seen with mtime 1736398257.444722
File D:\Python\Python\auto_auction\.venv\Lib\site-packages\rest_framework\locale\pt\LC_MESSAGES\django.mo first seen with mtime 1736398257.444722
File D:\Python\Python\auto_auction\.venv\Lib\site-packages\rest_framework\locale\pt_BR\LC_MESSAGES\django.mo first seen with mtime 1736398257.444722
File D:\Python\Python\auto_auction\.venv\Lib\site-packages\rest_framework\locale\pt_PT\LC_MESSAGES\django.mo first seen with mtime 1736398257.444722
File D:\Python\Python\auto_auction\.venv\Lib\site-packages\rest_framework\locale\ro\LC_MESSAGES\django.mo first seen with mtime 1736398257.444722
File D:\Python\Python\auto_auction\.venv\Lib\site-packages\rest_framework\locale\ru\LC_MESSAGES\django.mo first seen with mtime 1736398257.444722
File D:\Python\Python\auto_auction\.venv\Lib\site-packages\rest_framework\locale\ru_RU\LC_MESSAGES\django.mo first seen with mtime 1736398257.444722
File D:\Python\Python\auto_auction\.venv\Lib\site-packages\rest_framework\locale\sk\LC_MESSAGES\django.mo first seen with mtime 1736398257.444722
File D:\Python\Python\auto_auction\.venv\Lib\site-packages\rest_framework\locale\sl\LC_MESSAGES\django.mo first seen with mtime 1736398257.444722
File D:\Python\Python\auto_auction\.venv\Lib\site-packages\rest_framework\locale\sv\LC_MESSAGES\django.mo first seen with mtime 1736398257.444722
File D:\Python\Python\auto_auction\.venv\Lib\site-packages\rest_framework\locale\th\LC_MESSAGES\django.mo first seen with mtime 1736398257.444722
File D:\Python\Python\auto_auction\.venv\Lib\site-packages\rest_framework\locale\tr\LC_MESSAGES\django.mo first seen with mtime 1736398257.444722
File D:\Python\Python\auto_auction\.venv\Lib\site-packages\rest_framework\locale\tr_TR\LC_MESSAGES\django.mo first seen with mtime 1736398257.444722
File D:\Python\Python\auto_auction\.venv\Lib\site-packages\rest_framework\locale\uk\LC_MESSAGES\django.mo first seen with mtime 1736398257.444722
File D:\Python\Python\auto_auction\.venv\Lib\site-packages\rest_framework\locale\vi\LC_MESSAGES\django.mo first seen with mtime 1736398257.444722
File D:\Python\Python\auto_auction\.venv\Lib\site-packages\rest_framework\locale\zh_CN\LC_MESSAGES\django.mo first seen with mtime 1736398257.444722
File D:\Python\Python\auto_auction\.venv\Lib\site-packages\rest_framework\locale\zh_Hans\LC_MESSAGES\django.mo first seen with mtime 1736398257.444722
File D:\Python\Python\auto_auction\.venv\Lib\site-packages\rest_framework\locale\zh_Hant\LC_MESSAGES\django.mo first seen with mtime 1736398257.444722
File D:\Python\Python\auto_auction\.venv\Lib\site-packages\rest_framework\locale\zh_TW\LC_MESSAGES\django.mo first seen with mtime 1736398257.444722
File D:\Python\Python\auto_auction\.venv\Lib\site-packages\django\contrib\contenttypes\migrations\__init__.py first seen with mtime 1735923056.4593656
File D:\Python\Python\auto_auction\auto_auction\migrations\__init__.py first seen with mtime 1735923434.885871
File D:\Python\Python\auto_auction\.venv\Lib\site-packages\django\contrib\admin\migrations\0002_logentry_remove_auto_add.py first seen with mtime 1735923056.2769377
File D:\Python\Python\auto_auction\.venv\Lib\site-packages\django\contrib\auth\migrations\0002_alter_permission_name_max_length.py first seen with mtime 1735923056.4253538
File D:\Python\Python\auto_auction\.venv\Lib\site-packages\django\contrib\auth\migrations\0012_alter_user_first_name_max_length.py first seen with mtime 1735923056.4253538
File D:\Python\Python\auto_auction\.venv\Lib\site-packages\django\contrib\admin\migrations\0003_logentry_add_action_flag_choices.py first seen with mtime 1735923056.2769377
File D:\Python\Python\auto_auction\.venv\Lib\site-packages\django\contrib\auth\migrations\0008_alter_user_username_max_length.py first seen with mtime 1735923056.4253538
File D:\Python\Python\auto_auction\.venv\Lib\site-packages\django\contrib\auth\migrations\0003_alter_user_email_max_length.py first seen with mtime 1735923056.4253538
File D:\Python\Python\auto_auction\.venv\Lib\site-packages\django\middleware\clickjacking.py first seen with mtime 1735923056.8388982
File D:\Python\Python\auto_auction\.venv\Lib\site-packages\django\db\migrations\graph.py first seen with mtime 1735923056.8069372
File D:\Python\Python\auto_auction\.venv\Lib\site-packages\django\db\models\sql\compiler.py first seen with mtime 1735923056.8175843
File D:\Python\Python\auto_auction\auto_auction\migrations\0001_initial.py first seen with mtime 1736504420.2418337
File D:\Python\Python\auto_auction\.venv\Lib\site-packages\django\contrib\sessions\backends\db.py first seen with mtime 1735923056.6914623
File D:\Python\Python\auto_auction\.venv\Lib\site-packages\django\contrib\contenttypes\migrations\0001_initial.py first seen with mtime 1735923056.4593656
File D:\Python\Python\auto_auction\.venv\Lib\site-packages\django\contrib\sessions\migrations\0001_initial.py first seen with mtime 1735923056.73372
File D:\Python\Python\auto_auction\.venv\Lib\site-packages\django\contrib\auth\migrations\0011_update_proxy_permissions.py first seen with mtime 1735923056.4253538
File D:\Python\Python\auto_auction\.venv\Lib\site-packages\django\contrib\sessions\migrations\__init__.py first seen with mtime 1735923056.73372
File D:\Python\Python\auto_auction\.venv\Lib\site-packages\django\contrib\auth\migrations\0004_alter_user_username_opts.py first seen with mtime 1735923056.4253538
File D:\Python\Python\auto_auction\.venv\Lib\site-packages\django\contrib\auth\migrations\0010_alter_group_name_max_length.py first seen with mtime 1735923056.4253538
File D:\Python\Python\auto_auction\.venv\Lib\site-packages\django\contrib\auth\migrations\0005_alter_user_last_login_null.py first seen with mtime 1735923056.4253538
File D:\Python\Python\auto_auction\.venv\Lib\site-packages\django\contrib\auth\migrations\0006_require_contenttypes_0002.py first seen with mtime 1735923056.4253538
File D:\Python\Python\auto_auction\.venv\Lib\site-packages\django\contrib\contenttypes\migrations\0002_remove_content_type_name.py first seen with mtime 1735923056.4593656
File D:\Python\Python\auto_auction\.venv\Lib\site-packages\django\contrib\auth\migrations\__init__.py first seen with mtime 1735923056.4253538
File D:\Python\Python\auto_auction\.venv\Lib\site-packages\django\contrib\admin\migrations\__init__.py first seen with mtime 1735923056.2769377
File D:\Python\Python\auto_auction\.venv\Lib\site-packages\django\db\migrations\recorder.py first seen with mtime 1735923056.8069372
File D:\Python\Python\auto_auction\.venv\Lib\site-packages\django\contrib\auth\migrations\0009_alter_user_last_name_max_length.py first seen with mtime 1735923056.4253538
File D:\Python\Python\auto_auction\.venv\Lib\site-packages\django\contrib\auth\migrations\0007_alter_validators_add_error_messages.py first seen with mtime 1735923056.4253538
File D:\Python\Python\auto_auction\.venv\Lib\site-packages\django\contrib\auth\migrations\0001_initial.py first seen with mtime 1735923056.4253538
File D:\Python\Python\auto_auction\server\wsgi.py first seen with mtime 1735923343.4447217
File D:\Python\Python\auto_auction\.venv\Lib\site-packages\django\contrib\admin\migrations\0001_initial.py first seen with mtime 1735923056.2769377
Exception while resolving variable 'name' in template 'unknown'.
Traceback (most recent call last):
  File "D:\Python\Python\auto_auction\.venv\Lib\site-packages\django\core\handlers\exception.py", line 55, in inner
    response = get_response(request)
               ^^^^^^^^^^^^^^^^^^^^^
  File "D:\Python\Python\auto_auction\.venv\Lib\site-packages\django\core\handlers\base.py", line 181, in _get_response
    callback, callback_args, callback_kwargs = self.resolve_request(request)
                                               ^^^^^^^^^^^^^^^^^^^^^^^^^^^^^
  File "D:\Python\Python\auto_auction\.venv\Lib\site-packages\django\core\handlers\base.py", line 313, in resolve_request
    resolver_match = resolver.resolve(request.path_info)
                     ^^^^^^^^^^^^^^^^^^^^^^^^^^^^^^^^^^^
  File "D:\Python\Python\auto_auction\.venv\Lib\site-packages\django\urls\resolvers.py", line 722, in resolve
    raise Resolver404({"tried": tried, "path": new_path})
django.urls.exceptions.Resolver404: {'tried': [[<URLResolver <URLPattern list> (admin:admin) 'admin/'>], [<URLResolver <module 'auto_auction.urls' from 'D:\\Python\\Python\\auto_auction\\auto_auction\\urls.py'> (None:None) 'api/'>]], 'path': ''}

During handling of the above exception, another exception occurred:

Traceback (most recent call last):
  File "D:\Python\Python\auto_auction\.venv\Lib\site-packages\django\template\base.py", line 875, in _resolve_lookup
    current = current[bit]
              ~~~~~~~^^^^^
TypeError: 'URLResolver' object is not subscriptable

During handling of the above exception, another exception occurred:

Traceback (most recent call last):
  File "D:\Python\Python\auto_auction\.venv\Lib\site-packages\django\template\base.py", line 885, in _resolve_lookup
    current = getattr(current, bit)
              ^^^^^^^^^^^^^^^^^^^^^
AttributeError: 'URLResolver' object has no attribute 'name'

During handling of the above exception, another exception occurred:

Traceback (most recent call last):
  File "D:\Python\Python\auto_auction\.venv\Lib\site-packages\django\template\base.py", line 891, in _resolve_lookup
    current = current[int(bit)]
                      ^^^^^^^^
ValueError: invalid literal for int() with base 10: 'name'

During handling of the above exception, another exception occurred:

Traceback (most recent call last):
  File "D:\Python\Python\auto_auction\.venv\Lib\site-packages\django\template\base.py", line 898, in _resolve_lookup
    raise VariableDoesNotExist(
django.template.base.VariableDoesNotExist: Failed lookup for key [name] in <URLResolver <URLPattern list> (admin:admin) 'admin/'>
Exception while resolving variable 'name' in template 'unknown'.
Traceback (most recent call last):
  File "D:\Python\Python\auto_auction\.venv\Lib\site-packages\django\core\handlers\exception.py", line 55, in inner
    response = get_response(request)
               ^^^^^^^^^^^^^^^^^^^^^
  File "D:\Python\Python\auto_auction\.venv\Lib\site-packages\django\core\handlers\base.py", line 181, in _get_response
    callback, callback_args, callback_kwargs = self.resolve_request(request)
                                               ^^^^^^^^^^^^^^^^^^^^^^^^^^^^^
  File "D:\Python\Python\auto_auction\.venv\Lib\site-packages\django\core\handlers\base.py", line 313, in resolve_request
    resolver_match = resolver.resolve(request.path_info)
                     ^^^^^^^^^^^^^^^^^^^^^^^^^^^^^^^^^^^
  File "D:\Python\Python\auto_auction\.venv\Lib\site-packages\django\urls\resolvers.py", line 722, in resolve
    raise Resolver404({"tried": tried, "path": new_path})
django.urls.exceptions.Resolver404: {'tried': [[<URLResolver <URLPattern list> (admin:admin) 'admin/'>], [<URLResolver <module 'auto_auction.urls' from 'D:\\Python\\Python\\auto_auction\\auto_auction\\urls.py'> (None:None) 'api/'>]], 'path': ''}

During handling of the above exception, another exception occurred:

Traceback (most recent call last):
  File "D:\Python\Python\auto_auction\.venv\Lib\site-packages\django\template\base.py", line 875, in _resolve_lookup
    current = current[bit]
              ~~~~~~~^^^^^
TypeError: 'URLResolver' object is not subscriptable

During handling of the above exception, another exception occurred:

Traceback (most recent call last):
  File "D:\Python\Python\auto_auction\.venv\Lib\site-packages\django\template\base.py", line 885, in _resolve_lookup
    current = getattr(current, bit)
              ^^^^^^^^^^^^^^^^^^^^^
AttributeError: 'URLResolver' object has no attribute 'name'

During handling of the above exception, another exception occurred:

Traceback (most recent call last):
  File "D:\Python\Python\auto_auction\.venv\Lib\site-packages\django\template\base.py", line 891, in _resolve_lookup
    current = current[int(bit)]
                      ^^^^^^^^
ValueError: invalid literal for int() with base 10: 'name'

During handling of the above exception, another exception occurred:

Traceback (most recent call last):
  File "D:\Python\Python\auto_auction\.venv\Lib\site-packages\django\template\base.py", line 898, in _resolve_lookup
    raise VariableDoesNotExist(
django.template.base.VariableDoesNotExist: Failed lookup for key [name] in <URLResolver <module 'auto_auction.urls' from 'D:\\Python\\Python\\auto_auction\\auto_auction\\urls.py'> (None:None) 'api/'>
Not Found: /
"GET / HTTP/1.1" 404 2163
Exception while resolving variable 'name' in template 'unknown'.
Traceback (most recent call last):
  File "D:\Python\Python\auto_auction\.venv\Lib\site-packages\django\core\handlers\exception.py", line 55, in inner
    response = get_response(request)
               ^^^^^^^^^^^^^^^^^^^^^
  File "D:\Python\Python\auto_auction\.venv\Lib\site-packages\django\core\handlers\base.py", line 181, in _get_response
    callback, callback_args, callback_kwargs = self.resolve_request(request)
                                               ^^^^^^^^^^^^^^^^^^^^^^^^^^^^^
  File "D:\Python\Python\auto_auction\.venv\Lib\site-packages\django\core\handlers\base.py", line 313, in resolve_request
    resolver_match = resolver.resolve(request.path_info)
                     ^^^^^^^^^^^^^^^^^^^^^^^^^^^^^^^^^^^
  File "D:\Python\Python\auto_auction\.venv\Lib\site-packages\django\urls\resolvers.py", line 722, in resolve
    raise Resolver404({"tried": tried, "path": new_path})
django.urls.exceptions.Resolver404: {'tried': [[<URLResolver <URLPattern list> (admin:admin) 'admin/'>], [<URLResolver <module 'auto_auction.urls' from 'D:\\Python\\Python\\auto_auction\\auto_auction\\urls.py'> (None:None) 'api/'>]], 'path': 'favicon.ico'}

During handling of the above exception, another exception occurred:

Traceback (most recent call last):
  File "D:\Python\Python\auto_auction\.venv\Lib\site-packages\django\template\base.py", line 875, in _resolve_lookup
    current = current[bit]
              ~~~~~~~^^^^^
TypeError: 'URLResolver' object is not subscriptable

During handling of the above exception, another exception occurred:

Traceback (most recent call last):
  File "D:\Python\Python\auto_auction\.venv\Lib\site-packages\django\template\base.py", line 885, in _resolve_lookup
    current = getattr(current, bit)
              ^^^^^^^^^^^^^^^^^^^^^
AttributeError: 'URLResolver' object has no attribute 'name'

During handling of the above exception, another exception occurred:

Traceback (most recent call last):
  File "D:\Python\Python\auto_auction\.venv\Lib\site-packages\django\template\base.py", line 891, in _resolve_lookup
    current = current[int(bit)]
                      ^^^^^^^^
ValueError: invalid literal for int() with base 10: 'name'

During handling of the above exception, another exception occurred:

Traceback (most recent call last):
  File "D:\Python\Python\auto_auction\.venv\Lib\site-packages\django\template\base.py", line 898, in _resolve_lookup
    raise VariableDoesNotExist(
django.template.base.VariableDoesNotExist: Failed lookup for key [name] in <URLResolver <URLPattern list> (admin:admin) 'admin/'>
Exception while resolving variable 'name' in template 'unknown'.
Traceback (most recent call last):
  File "D:\Python\Python\auto_auction\.venv\Lib\site-packages\django\core\handlers\exception.py", line 55, in inner
    response = get_response(request)
               ^^^^^^^^^^^^^^^^^^^^^
  File "D:\Python\Python\auto_auction\.venv\Lib\site-packages\django\core\handlers\base.py", line 181, in _get_response
    callback, callback_args, callback_kwargs = self.resolve_request(request)
                                               ^^^^^^^^^^^^^^^^^^^^^^^^^^^^^
  File "D:\Python\Python\auto_auction\.venv\Lib\site-packages\django\core\handlers\base.py", line 313, in resolve_request
    resolver_match = resolver.resolve(request.path_info)
                     ^^^^^^^^^^^^^^^^^^^^^^^^^^^^^^^^^^^
  File "D:\Python\Python\auto_auction\.venv\Lib\site-packages\django\urls\resolvers.py", line 722, in resolve
    raise Resolver404({"tried": tried, "path": new_path})
django.urls.exceptions.Resolver404: {'tried': [[<URLResolver <URLPattern list> (admin:admin) 'admin/'>], [<URLResolver <module 'auto_auction.urls' from 'D:\\Python\\Python\\auto_auction\\auto_auction\\urls.py'> (None:None) 'api/'>]], 'path': 'favicon.ico'}

During handling of the above exception, another exception occurred:

Traceback (most recent call last):
  File "D:\Python\Python\auto_auction\.venv\Lib\site-packages\django\template\base.py", line 875, in _resolve_lookup
    current = current[bit]
              ~~~~~~~^^^^^
TypeError: 'URLResolver' object is not subscriptable

During handling of the above exception, another exception occurred:

Traceback (most recent call last):
  File "D:\Python\Python\auto_auction\.venv\Lib\site-packages\django\template\base.py", line 885, in _resolve_lookup
    current = getattr(current, bit)
              ^^^^^^^^^^^^^^^^^^^^^
AttributeError: 'URLResolver' object has no attribute 'name'

During handling of the above exception, another exception occurred:

Traceback (most recent call last):
  File "D:\Python\Python\auto_auction\.venv\Lib\site-packages\django\template\base.py", line 891, in _resolve_lookup
    current = current[int(bit)]
                      ^^^^^^^^
ValueError: invalid literal for int() with base 10: 'name'

During handling of the above exception, another exception occurred:

Traceback (most recent call last):
  File "D:\Python\Python\auto_auction\.venv\Lib\site-packages\django\template\base.py", line 898, in _resolve_lookup
    raise VariableDoesNotExist(
django.template.base.VariableDoesNotExist: Failed lookup for key [name] in <URLResolver <module 'auto_auction.urls' from 'D:\\Python\\Python\\auto_auction\\auto_auction\\urls.py'> (None:None) 'api/'>
Not Found: /favicon.ico
"GET /favicon.ico HTTP/1.1" 404 2214
File D:\Python\Python\auto_auction\.venv\Lib\site-packages\django\contrib\sessions\serializers.py first seen with mtime 1735923056.6914623
File D:\Python\Python\auto_auction\.venv\Lib\site-packages\django\contrib\messages\storage\fallback.py first seen with mtime 1735923056.6150079
File D:\Python\Python\auto_auction\.venv\Lib\site-packages\django\contrib\messages\storage\session.py first seen with mtime 1735923056.617142
File D:\Python\Python\auto_auction\.venv\Lib\site-packages\django\contrib\messages\storage\cookie.py first seen with mtime 1735923056.6150079
Exception while resolving variable 'name' in template 'unknown'.
Traceback (most recent call last):
  File "D:\Python\Python\auto_auction\.venv\Lib\site-packages\django\core\handlers\exception.py", line 55, in inner
    response = get_response(request)
               ^^^^^^^^^^^^^^^^^^^^^
  File "D:\Python\Python\auto_auction\.venv\Lib\site-packages\django\core\handlers\base.py", line 181, in _get_response
    callback, callback_args, callback_kwargs = self.resolve_request(request)
                                               ^^^^^^^^^^^^^^^^^^^^^^^^^^^^^
  File "D:\Python\Python\auto_auction\.venv\Lib\site-packages\django\core\handlers\base.py", line 313, in resolve_request
    resolver_match = resolver.resolve(request.path_info)
                     ^^^^^^^^^^^^^^^^^^^^^^^^^^^^^^^^^^^
  File "D:\Python\Python\auto_auction\.venv\Lib\site-packages\django\urls\resolvers.py", line 722, in resolve
    raise Resolver404({"tried": tried, "path": new_path})
django.urls.exceptions.Resolver404: {'tried': [[<URLResolver <URLPattern list> (admin:admin) 'admin/'>], [<URLResolver <module 'auto_auction.urls' from 'D:\\Python\\Python\\auto_auction\\auto_auction\\urls.py'> (None:None) 'api/'>, <URLPattern 'car-search/' [name='car-search']>], [<URLResolver <module 'auto_auction.urls' from 'D:\\Python\\Python\\auto_auction\\auto_auction\\urls.py'> (None:None) 'api/'>, <URLPattern 'user-registration/' [name='user-registration']>], [<URLResolver <module 'auto_auction.urls' from 'D:\\Python\\Python\\auto_auction\\auto_auction\\urls.py'> (None:None) 'api/'>, <URLPattern 'user-login/' [name='user-login']>], [<URLResolver <module 'auto_auction.urls' from 'D:\\Python\\Python\\auto_auction\\auto_auction\\urls.py'> (None:None) 'api/'>, <URLPattern 'shop/' [name='shop']>], [<URLResolver <module 'auto_auction.urls' from 'D:\\Python\\Python\\auto_auction\\auto_auction\\urls.py'> (None:None) 'api/'>, <URLPattern 'feedback/' [name='feedback']>], [<URLResolver <module 'auto_auction.urls' from 'D:\\Python\\Python\\auto_auction\\auto_auction\\urls.py'> (None:None) 'api/'>, <URLPattern 'contact-info/' [name='contact_info']>], [<URLResolver <module 'auto_auction.urls' from 'D:\\Python\\Python\\auto_auction\\auto_auction\\urls.py'> (None:None) 'api/'>, <URLPattern 'about/' [name='about']>], [<URLResolver <module 'auto_auction.urls' from 'D:\\Python\\Python\\auto_auction\\auto_auction\\urls.py'> (None:None) 'api/'>, <URLPattern 'send-feedback/' [name='send_feedback']>]], 'path': 'api/'}

During handling of the above exception, another exception occurred:

Traceback (most recent call last):
  File "D:\Python\Python\auto_auction\.venv\Lib\site-packages\django\template\base.py", line 875, in _resolve_lookup
    current = current[bit]
              ~~~~~~~^^^^^
TypeError: 'URLResolver' object is not subscriptable

During handling of the above exception, another exception occurred:

Traceback (most recent call last):
  File "D:\Python\Python\auto_auction\.venv\Lib\site-packages\django\template\base.py", line 885, in _resolve_lookup
    current = getattr(current, bit)
              ^^^^^^^^^^^^^^^^^^^^^
AttributeError: 'URLResolver' object has no attribute 'name'

During handling of the above exception, another exception occurred:

Traceback (most recent call last):
  File "D:\Python\Python\auto_auction\.venv\Lib\site-packages\django\template\base.py", line 891, in _resolve_lookup
    current = current[int(bit)]
                      ^^^^^^^^
ValueError: invalid literal for int() with base 10: 'name'

During handling of the above exception, another exception occurred:

Traceback (most recent call last):
  File "D:\Python\Python\auto_auction\.venv\Lib\site-packages\django\template\base.py", line 898, in _resolve_lookup
    raise VariableDoesNotExist(
django.template.base.VariableDoesNotExist: Failed lookup for key [name] in <URLResolver <URLPattern list> (admin:admin) 'admin/'>
Not Found: /api/
"GET /api/ HTTP/1.1" 404 3535
Exception while resolving variable 'name' in template 'unknown'.
Traceback (most recent call last):
  File "D:\Python\Python\auto_auction\.venv\Lib\site-packages\django\core\handlers\exception.py", line 55, in inner
    response = get_response(request)
               ^^^^^^^^^^^^^^^^^^^^^
  File "D:\Python\Python\auto_auction\.venv\Lib\site-packages\django\core\handlers\base.py", line 181, in _get_response
    callback, callback_args, callback_kwargs = self.resolve_request(request)
                                               ^^^^^^^^^^^^^^^^^^^^^^^^^^^^^
  File "D:\Python\Python\auto_auction\.venv\Lib\site-packages\django\core\handlers\base.py", line 313, in resolve_request
    resolver_match = resolver.resolve(request.path_info)
                     ^^^^^^^^^^^^^^^^^^^^^^^^^^^^^^^^^^^
  File "D:\Python\Python\auto_auction\.venv\Lib\site-packages\django\urls\resolvers.py", line 722, in resolve
    raise Resolver404({"tried": tried, "path": new_path})
django.urls.exceptions.Resolver404: {'tried': [[<URLResolver <URLPattern list> (admin:admin) 'admin/'>], [<URLResolver <module 'auto_auction.urls' from 'D:\\Python\\Python\\auto_auction\\auto_auction\\urls.py'> (None:None) 'api/'>, <URLPattern 'car-search/' [name='car-search']>], [<URLResolver <module 'auto_auction.urls' from 'D:\\Python\\Python\\auto_auction\\auto_auction\\urls.py'> (None:None) 'api/'>, <URLPattern 'user-registration/' [name='user-registration']>], [<URLResolver <module 'auto_auction.urls' from 'D:\\Python\\Python\\auto_auction\\auto_auction\\urls.py'> (None:None) 'api/'>, <URLPattern 'user-login/' [name='user-login']>], [<URLResolver <module 'auto_auction.urls' from 'D:\\Python\\Python\\auto_auction\\auto_auction\\urls.py'> (None:None) 'api/'>, <URLPattern 'shop/' [name='shop']>], [<URLResolver <module 'auto_auction.urls' from 'D:\\Python\\Python\\auto_auction\\auto_auction\\urls.py'> (None:None) 'api/'>, <URLPattern 'feedback/' [name='feedback']>], [<URLResolver <module 'auto_auction.urls' from 'D:\\Python\\Python\\auto_auction\\auto_auction\\urls.py'> (None:None) 'api/'>, <URLPattern 'contact-info/' [name='contact_info']>], [<URLResolver <module 'auto_auction.urls' from 'D:\\Python\\Python\\auto_auction\\auto_auction\\urls.py'> (None:None) 'api/'>, <URLPattern 'about/' [name='about']>], [<URLResolver <module 'auto_auction.urls' from 'D:\\Python\\Python\\auto_auction\\auto_auction\\urls.py'> (None:None) 'api/'>, <URLPattern 'send-feedback/' [name='send_feedback']>]], 'path': 'api/about'}

During handling of the above exception, another exception occurred:

Traceback (most recent call last):
  File "D:\Python\Python\auto_auction\.venv\Lib\site-packages\django\template\base.py", line 875, in _resolve_lookup
    current = current[bit]
              ~~~~~~~^^^^^
TypeError: 'URLResolver' object is not subscriptable

During handling of the above exception, another exception occurred:

Traceback (most recent call last):
  File "D:\Python\Python\auto_auction\.venv\Lib\site-packages\django\template\base.py", line 885, in _resolve_lookup
    current = getattr(current, bit)
              ^^^^^^^^^^^^^^^^^^^^^
AttributeError: 'URLResolver' object has no attribute 'name'

During handling of the above exception, another exception occurred:

Traceback (most recent call last):
  File "D:\Python\Python\auto_auction\.venv\Lib\site-packages\django\template\base.py", line 891, in _resolve_lookup
    current = current[int(bit)]
                      ^^^^^^^^
ValueError: invalid literal for int() with base 10: 'name'

During handling of the above exception, another exception occurred:

Traceback (most recent call last):
  File "D:\Python\Python\auto_auction\.venv\Lib\site-packages\django\template\base.py", line 898, in _resolve_lookup
    raise VariableDoesNotExist(
django.template.base.VariableDoesNotExist: Failed lookup for key [name] in <URLResolver <URLPattern list> (admin:admin) 'admin/'>
"GET /api/about HTTP/1.1" 301 0
"GET /api/about/ HTTP/1.1" 200 454
File D:\Python\Python\auto_auction\.venv\Lib\site-packages\django\contrib\messages\context_processors.py first seen with mtime 1735923056.6150079
File D:\Python\Python\auto_auction\.venv\Lib\site-packages\django\template\context_processors.py first seen with mtime 1735923056.8388982
File D:\Python\Python\auto_auction\.venv\Lib\site-packages\django\contrib\auth\context_processors.py first seen with mtime 1735923056.374886
Exception while resolving variable 'name' in template 'unknown'.
Traceback (most recent call last):
  File "D:\Python\Python\auto_auction\.venv\Lib\site-packages\django\core\handlers\exception.py", line 55, in inner
    response = get_response(request)
               ^^^^^^^^^^^^^^^^^^^^^
  File "D:\Python\Python\auto_auction\.venv\Lib\site-packages\django\core\handlers\base.py", line 181, in _get_response
    callback, callback_args, callback_kwargs = self.resolve_request(request)
                                               ^^^^^^^^^^^^^^^^^^^^^^^^^^^^^
  File "D:\Python\Python\auto_auction\.venv\Lib\site-packages\django\core\handlers\base.py", line 313, in resolve_request
    resolver_match = resolver.resolve(request.path_info)
                     ^^^^^^^^^^^^^^^^^^^^^^^^^^^^^^^^^^^
  File "D:\Python\Python\auto_auction\.venv\Lib\site-packages\django\urls\resolvers.py", line 722, in resolve
    raise Resolver404({"tried": tried, "path": new_path})
django.urls.exceptions.Resolver404: {'tried': [[<URLResolver <URLPattern list> (admin:admin) 'admin/'>], [<URLResolver <module 'auto_auction.urls' from 'D:\\Python\\Python\\auto_auction\\auto_auction\\urls.py'> (None:None) 'api/'>]], 'path': ''}

During handling of the above exception, another exception occurred:

Traceback (most recent call last):
  File "D:\Python\Python\auto_auction\.venv\Lib\site-packages\django\template\base.py", line 875, in _resolve_lookup
    current = current[bit]
              ~~~~~~~^^^^^
TypeError: 'URLResolver' object is not subscriptable

During handling of the above exception, another exception occurred:

Traceback (most recent call last):
  File "D:\Python\Python\auto_auction\.venv\Lib\site-packages\django\template\base.py", line 885, in _resolve_lookup
    current = getattr(current, bit)
              ^^^^^^^^^^^^^^^^^^^^^
AttributeError: 'URLResolver' object has no attribute 'name'

During handling of the above exception, another exception occurred:

Traceback (most recent call last):
  File "D:\Python\Python\auto_auction\.venv\Lib\site-packages\django\template\base.py", line 891, in _resolve_lookup
    current = current[int(bit)]
                      ^^^^^^^^
ValueError: invalid literal for int() with base 10: 'name'

During handling of the above exception, another exception occurred:

Traceback (most recent call last):
  File "D:\Python\Python\auto_auction\.venv\Lib\site-packages\django\template\base.py", line 898, in _resolve_lookup
    raise VariableDoesNotExist(
django.template.base.VariableDoesNotExist: Failed lookup for key [name] in <URLResolver <URLPattern list> (admin:admin) 'admin/'>
Exception while resolving variable 'name' in template 'unknown'.
Traceback (most recent call last):
  File "D:\Python\Python\auto_auction\.venv\Lib\site-packages\django\core\handlers\exception.py", line 55, in inner
    response = get_response(request)
               ^^^^^^^^^^^^^^^^^^^^^
  File "D:\Python\Python\auto_auction\.venv\Lib\site-packages\django\core\handlers\base.py", line 181, in _get_response
    callback, callback_args, callback_kwargs = self.resolve_request(request)
                                               ^^^^^^^^^^^^^^^^^^^^^^^^^^^^^
  File "D:\Python\Python\auto_auction\.venv\Lib\site-packages\django\core\handlers\base.py", line 313, in resolve_request
    resolver_match = resolver.resolve(request.path_info)
                     ^^^^^^^^^^^^^^^^^^^^^^^^^^^^^^^^^^^
  File "D:\Python\Python\auto_auction\.venv\Lib\site-packages\django\urls\resolvers.py", line 722, in resolve
    raise Resolver404({"tried": tried, "path": new_path})
django.urls.exceptions.Resolver404: {'tried': [[<URLResolver <URLPattern list> (admin:admin) 'admin/'>], [<URLResolver <module 'auto_auction.urls' from 'D:\\Python\\Python\\auto_auction\\auto_auction\\urls.py'> (None:None) 'api/'>]], 'path': ''}

During handling of the above exception, another exception occurred:

Traceback (most recent call last):
  File "D:\Python\Python\auto_auction\.venv\Lib\site-packages\django\template\base.py", line 875, in _resolve_lookup
    current = current[bit]
              ~~~~~~~^^^^^
TypeError: 'URLResolver' object is not subscriptable

During handling of the above exception, another exception occurred:

Traceback (most recent call last):
  File "D:\Python\Python\auto_auction\.venv\Lib\site-packages\django\template\base.py", line 885, in _resolve_lookup
    current = getattr(current, bit)
              ^^^^^^^^^^^^^^^^^^^^^
AttributeError: 'URLResolver' object has no attribute 'name'

During handling of the above exception, another exception occurred:

Traceback (most recent call last):
  File "D:\Python\Python\auto_auction\.venv\Lib\site-packages\django\template\base.py", line 891, in _resolve_lookup
    current = current[int(bit)]
                      ^^^^^^^^
ValueError: invalid literal for int() with base 10: 'name'

During handling of the above exception, another exception occurred:

Traceback (most recent call last):
  File "D:\Python\Python\auto_auction\.venv\Lib\site-packages\django\template\base.py", line 898, in _resolve_lookup
    raise VariableDoesNotExist(
django.template.base.VariableDoesNotExist: Failed lookup for key [name] in <URLResolver <module 'auto_auction.urls' from 'D:\\Python\\Python\\auto_auction\\auto_auction\\urls.py'> (None:None) 'api/'>
Not Found: /
"GET / HTTP/1.1" 404 2163
Exception while resolving variable 'name' in template 'unknown'.
Traceback (most recent call last):
  File "D:\Python\Python\auto_auction\.venv\Lib\site-packages\django\core\handlers\exception.py", line 55, in inner
    response = get_response(request)
               ^^^^^^^^^^^^^^^^^^^^^
  File "D:\Python\Python\auto_auction\.venv\Lib\site-packages\django\core\handlers\base.py", line 181, in _get_response
    callback, callback_args, callback_kwargs = self.resolve_request(request)
                                               ^^^^^^^^^^^^^^^^^^^^^^^^^^^^^
  File "D:\Python\Python\auto_auction\.venv\Lib\site-packages\django\core\handlers\base.py", line 313, in resolve_request
    resolver_match = resolver.resolve(request.path_info)
                     ^^^^^^^^^^^^^^^^^^^^^^^^^^^^^^^^^^^
  File "D:\Python\Python\auto_auction\.venv\Lib\site-packages\django\urls\resolvers.py", line 722, in resolve
    raise Resolver404({"tried": tried, "path": new_path})
django.urls.exceptions.Resolver404: {'tried': [[<URLResolver <URLPattern list> (admin:admin) 'admin/'>], [<URLResolver <module 'auto_auction.urls' from 'D:\\Python\\Python\\auto_auction\\auto_auction\\urls.py'> (None:None) 'api/'>, <URLPattern 'car-search/' [name='car-search']>], [<URLResolver <module 'auto_auction.urls' from 'D:\\Python\\Python\\auto_auction\\auto_auction\\urls.py'> (None:None) 'api/'>, <URLPattern 'user-registration/' [name='user-registration']>], [<URLResolver <module 'auto_auction.urls' from 'D:\\Python\\Python\\auto_auction\\auto_auction\\urls.py'> (None:None) 'api/'>, <URLPattern 'user-login/' [name='user-login']>], [<URLResolver <module 'auto_auction.urls' from 'D:\\Python\\Python\\auto_auction\\auto_auction\\urls.py'> (None:None) 'api/'>, <URLPattern 'shop/' [name='shop']>], [<URLResolver <module 'auto_auction.urls' from 'D:\\Python\\Python\\auto_auction\\auto_auction\\urls.py'> (None:None) 'api/'>, <URLPattern 'feedback/' [name='feedback']>], [<URLResolver <module 'auto_auction.urls' from 'D:\\Python\\Python\\auto_auction\\auto_auction\\urls.py'> (None:None) 'api/'>, <URLPattern 'contact-info/' [name='contact_info']>], [<URLResolver <module 'auto_auction.urls' from 'D:\\Python\\Python\\auto_auction\\auto_auction\\urls.py'> (None:None) 'api/'>, <URLPattern 'about/' [name='about']>], [<URLResolver <module 'auto_auction.urls' from 'D:\\Python\\Python\\auto_auction\\auto_auction\\urls.py'> (None:None) 'api/'>, <URLPattern 'send-feedback/' [name='send_feedback']>]], 'path': 'api/'}

During handling of the above exception, another exception occurred:

Traceback (most recent call last):
  File "D:\Python\Python\auto_auction\.venv\Lib\site-packages\django\template\base.py", line 875, in _resolve_lookup
    current = current[bit]
              ~~~~~~~^^^^^
TypeError: 'URLResolver' object is not subscriptable

During handling of the above exception, another exception occurred:

Traceback (most recent call last):
  File "D:\Python\Python\auto_auction\.venv\Lib\site-packages\django\template\base.py", line 885, in _resolve_lookup
    current = getattr(current, bit)
              ^^^^^^^^^^^^^^^^^^^^^
AttributeError: 'URLResolver' object has no attribute 'name'

During handling of the above exception, another exception occurred:

Traceback (most recent call last):
  File "D:\Python\Python\auto_auction\.venv\Lib\site-packages\django\template\base.py", line 891, in _resolve_lookup
    current = current[int(bit)]
                      ^^^^^^^^
ValueError: invalid literal for int() with base 10: 'name'

During handling of the above exception, another exception occurred:

Traceback (most recent call last):
  File "D:\Python\Python\auto_auction\.venv\Lib\site-packages\django\template\base.py", line 898, in _resolve_lookup
    raise VariableDoesNotExist(
django.template.base.VariableDoesNotExist: Failed lookup for key [name] in <URLResolver <URLPattern list> (admin:admin) 'admin/'>
Not Found: /api/
"GET /api/ HTTP/1.1" 404 3535
Exception while resolving variable 'name' in template 'unknown'.
Traceback (most recent call last):
  File "D:\Python\Python\auto_auction\.venv\Lib\site-packages\django\core\handlers\exception.py", line 55, in inner
    response = get_response(request)
               ^^^^^^^^^^^^^^^^^^^^^
  File "D:\Python\Python\auto_auction\.venv\Lib\site-packages\django\core\handlers\base.py", line 181, in _get_response
    callback, callback_args, callback_kwargs = self.resolve_request(request)
                                               ^^^^^^^^^^^^^^^^^^^^^^^^^^^^^
  File "D:\Python\Python\auto_auction\.venv\Lib\site-packages\django\core\handlers\base.py", line 313, in resolve_request
    resolver_match = resolver.resolve(request.path_info)
                     ^^^^^^^^^^^^^^^^^^^^^^^^^^^^^^^^^^^
  File "D:\Python\Python\auto_auction\.venv\Lib\site-packages\django\urls\resolvers.py", line 722, in resolve
    raise Resolver404({"tried": tried, "path": new_path})
django.urls.exceptions.Resolver404: {'tried': [[<URLResolver <URLPattern list> (admin:admin) 'admin/'>], [<URLResolver <module 'auto_auction.urls' from 'D:\\Python\\Python\\auto_auction\\auto_auction\\urls.py'> (None:None) 'api/'>, <URLPattern 'car-search/' [name='car-search']>], [<URLResolver <module 'auto_auction.urls' from 'D:\\Python\\Python\\auto_auction\\auto_auction\\urls.py'> (None:None) 'api/'>, <URLPattern 'user-registration/' [name='user-registration']>], [<URLResolver <module 'auto_auction.urls' from 'D:\\Python\\Python\\auto_auction\\auto_auction\\urls.py'> (None:None) 'api/'>, <URLPattern 'user-login/' [name='user-login']>], [<URLResolver <module 'auto_auction.urls' from 'D:\\Python\\Python\\auto_auction\\auto_auction\\urls.py'> (None:None) 'api/'>, <URLPattern 'shop/' [name='shop']>], [<URLResolver <module 'auto_auction.urls' from 'D:\\Python\\Python\\auto_auction\\auto_auction\\urls.py'> (None:None) 'api/'>, <URLPattern 'feedback/' [name='feedback']>], [<URLResolver <module 'auto_auction.urls' from 'D:\\Python\\Python\\auto_auction\\auto_auction\\urls.py'> (None:None) 'api/'>, <URLPattern 'contact-info/' [name='contact_info']>], [<URLResolver <module 'auto_auction.urls' from 'D:\\Python\\Python\\auto_auction\\auto_auction\\urls.py'> (None:None) 'api/'>, <URLPattern 'about/' [name='about']>], [<URLResolver <module 'auto_auction.urls' from 'D:\\Python\\Python\\auto_auction\\auto_auction\\urls.py'> (None:None) 'api/'>, <URLPattern 'send-feedback/' [name='send_feedback']>]], 'path': 'api/car-search'}

During handling of the above exception, another exception occurred:

Traceback (most recent call last):
  File "D:\Python\Python\auto_auction\.venv\Lib\site-packages\django\template\base.py", line 875, in _resolve_lookup
    current = current[bit]
              ~~~~~~~^^^^^
TypeError: 'URLResolver' object is not subscriptable

During handling of the above exception, another exception occurred:

Traceback (most recent call last):
  File "D:\Python\Python\auto_auction\.venv\Lib\site-packages\django\template\base.py", line 885, in _resolve_lookup
    current = getattr(current, bit)
              ^^^^^^^^^^^^^^^^^^^^^
AttributeError: 'URLResolver' object has no attribute 'name'

During handling of the above exception, another exception occurred:

Traceback (most recent call last):
  File "D:\Python\Python\auto_auction\.venv\Lib\site-packages\django\template\base.py", line 891, in _resolve_lookup
    current = current[int(bit)]
                      ^^^^^^^^
ValueError: invalid literal for int() with base 10: 'name'

During handling of the above exception, another exception occurred:

Traceback (most recent call last):
  File "D:\Python\Python\auto_auction\.venv\Lib\site-packages\django\template\base.py", line 898, in _resolve_lookup
    raise VariableDoesNotExist(
django.template.base.VariableDoesNotExist: Failed lookup for key [name] in <URLResolver <URLPattern list> (admin:admin) 'admin/'>
"GET /api/car-search HTTP/1.1" 301 0
(0.000) SELECT "auto_auction_carsearch"."id", "auto_auction_carsearch"."user_id", "auto_auction_carsearch"."car_name", "auto_auction_carsearch"."car_color", "auto_auction_carsearch"."car_model", "auto_auction_carsearch"."search_date" FROM "auto_auction_carsearch" WHERE ("auto_auction_carsearch"."car_color" IS NULL AND "auto_auction_carsearch"."car_model" IS NULL AND "auto_auction_carsearch"."car_name" IS NULL); args=(); alias=default
"GET /api/car-search/ HTTP/1.1" 200 5162
"GET /static/rest_framework/css/bootstrap.min.css HTTP/1.1" 304 0
"GET /static/rest_framework/css/bootstrap-tweaks.css HTTP/1.1" 304 0
"GET /static/rest_framework/js/bootstrap.min.js HTTP/1.1" 304 0
"GET /static/rest_framework/js/jquery-3.7.1.min.js HTTP/1.1" 304 0
"GET /static/rest_framework/css/default.css HTTP/1.1" 304 0
"GET /static/rest_framework/js/csrf.js HTTP/1.1" 304 0
"GET /static/rest_framework/css/prettify.css HTTP/1.1" 304 0
"GET /static/rest_framework/js/prettify-min.js HTTP/1.1" 304 0
"GET /static/rest_framework/js/ajax-form.js HTTP/1.1" 304 0
"GET /static/rest_framework/js/load-ajax-form.js HTTP/1.1" 304 0
"GET /static/rest_framework/js/default.js HTTP/1.1" 304 0
"GET /static/rest_framework/img/grid.png HTTP/1.1" 304 0
File D:\Python\Python\auto_auction\.venv\Lib\site-packages\django\contrib\staticfiles\storage.py first seen with mtime 1735923056.7753012
File D:\Python\Python\auto_auction\.venv\Lib\site-packages\django\conf\locale\en\formats.py first seen with mtime 1735923056.1103792
File D:\Python\Python\auto_auction\.venv\Lib\site-packages\django\conf\locale\en\__init__.py first seen with mtime 1735923056.1103792
